source,arm,app_status,est_sample,year,Q,EMP,AFDC,EARN,LOGFULL
SIPP,0,0,true,1993,1,0.6080622661475464,0.2896380979280052,806.1647150113062,7.213717308727219
SIPP,0,0,true,1993,2,0.6123051951105583,0.2772834589952715,819.0968945191901,7.210620460522935
SIPP,0,0,true,1994,0,0.6398432361070169,0.26608422661461456,862.6827981434981,7.2441283446440625
SIPP,0,0,true,1994,1,0.6466280227841072,0.2656842090608661,865.7238215044289,7.235493792669621
SIPP,0,0,true,1994,2,0.6607966683607341,0.24559480383575974,878.7481026056026,7.238464834386582
SIPP,0,0,true,1995,0,0.6804346350365257,0.2373650159129881,968.8658935094677,7.302578636919362
SIPP,0,0,true,1995,1,0.6769825961868575,0.2354527248075269,929.6057506083853,7.27542198850059
SIPP,0,0,true,1995,2,0.6814081387293821,0.2059681377551189,982.6059081318049,7.278207264295123
FTP,0,0.0,true,1994,2,0.2955021151693203,0.8196493305329854,80.94692521379791,7.000681351252946
FTP,0,0.0,true,1994,3,0.32061005215675875,0.81365078060969,106.40275808301809,7.002499761252594
FTP,0,0.0,true,1995,0,0.3644311574201425,0.7744121098006651,146.93326881314192,7.019331389721822
FTP,0,0.0,true,1995,1,0.3813267509262186,0.7206969239183856,172.12309007061964,7.020215380578717
FTP,0,0.0,true,1995,2,0.37594199240442255,0.6746726008112726,188.4954019239898,7.021978011908111
FTP,0,0.0,true,1995,3,0.412870863131083,0.6334445960210868,216.37212932019042,7.038768289836996
FTP,0,0.0,true,1996,0,0.45875187090467684,0.5945507375869094,259.3302776510762,7.05354353066992
FTP,0,0.0,true,1996,1,0.49932682080393337,0.5513968956450358,302.0413012056013,7.071837298612455
FTP,0,0.0,true,1996,2,0.5091942886861005,0.504997530343613,320.39437988471,7.073553867983813
FTP,0,0.0,true,1996,3,0.5247130731064137,0.4670144758664792,344.00594271543275,7.068245841250916
FTP,0,0.0,true,1997,0,0.5169703853457197,0.4317069312132875,336.4470458963253,7.055745878894356
FTP,0,0.0,true,1997,1,0.5524887568648782,0.4096304511057027,365.87908449001645,7.057170217235473
FTP,0,0.0,true,1997,2,0.5427282777217605,0.3772721824369448,367.60716381036525,7.047768549073505
FTP,0,0.0,true,1997,3,0.5591808461817603,0.32548361289325967,384.0947408861649,7.056977427517158
FTP,0,0.0,true,1998,0,0.5679902735608979,0.3042323376959905,404.3062212725618,7.072816394645566
FTP,0,0.0,true,1998,1,0.5683237341931207,0.26398647613067083,410.98458958012316,7.07105879396785
FTP,0,0.0,true,1998,2,0.589973524746749,0.25216287347964766,435.5531905657057,7.08278867259327
FTP,0,0.0,true,1998,3,0.5882970651843439,0.2372572143115154,443.8375457709255,7.079154732485589
FTP,0,0.0,true,1999,0,0.6055329770877698,0.22927819077717276,464.6277492515073,7.103938424921008
FTP,0,1.0,true,1994,2,0.47573386062873946,0.5627822884546058,221.71878256375302,6.973025624784709
FTP,0,1.0,true,1994,3,0.5188445851171936,0.5525757557539214,273.0691240388732,7.018159862348402
FTP,0,1.0,true,1995,0,0.5225500905117622,0.5847385105666172,289.6358806387863,7.017104937123033
FTP,0,1.0,true,1995,1,0.5230501265792004,0.5166550151715884,304.9024495552704,6.989865928516359
FTP,0,1.0,true,1995,2,0.5055260270892071,0.43973901648475033,299.8497218121606,6.97658871668357
FTP,0,1.0,true,1995,3,0.4868835400653628,0.44018804020265095,291.27619037468133,6.964402783738359
FTP,0,1.0,true,1996,0,0.4672663459991113,0.4118556747411874,286.8483694803209,6.951464314585028
FTP,0,1.0,true,1996,1,0.49016366519286886,0.37326738685530114,317.44776771720376,6.953079070487338
FTP,0,1.0,true,1996,2,0.4700465020317498,0.3443716555839252,319.5791451110712,6.941254838604489
FTP,0,1.0,true,1996,3,0.4769905377286505,0.30358342323612125,330.79040551591083,6.944043155604771
FTP,0,1.0,true,1997,0,0.4720405259477054,0.2915081797490666,334.17090814401377,6.927365862503035
FTP,0,1.0,true,1997,1,0.46970048081931215,0.284027316707159,330.231535073587,6.918863041329426
FTP,0,1.0,true,1997,2,0.49562307893203467,0.2530206312502389,355.00471160519464,6.9463655460031575
FTP,0,1.0,true,1997,3,0.5056612930267868,0.24162358407057238,379.6772189976548,6.9527377131519925
FTP,0,1.0,true,1998,0,0.522383627648807,0.2101447070016796,400.63787556513796,6.960754339313181
FTP,0,1.0,true,1998,1,0.5115279009153909,0.1966668514166301,402.82672422761516,6.952293802328234
FTP,0,1.0,true,1998,2,0.5269788590583507,0.18578223749454728,430.57466793450914,6.968251030369334
FTP,0,1.0,true,1998,3,0.5527587001592167,0.18104487037699554,469.40169482354764,7.003058605366134
FTP,0,1.0,true,1999,0,0.5386834881704401,0.16652771948432396,479.9611041637749,7.003912780037807
FTP,0,1.0,true,1999,1,0.5508078773226442,0.13029318899407927,498.45738751356214,7.01551560837015
FTP,0,0.0,true,1999,1,0.5591615684756017,0.2561840983987918,414.955074450388,7.093668130389563
CTJF,1,0.0,true,1996,2,0.4200974152690364,0.9577332986019985,183.70850476154214,7.340842944868703
CTJF,1,0.0,true,1996,3,0.4961836742221653,0.9500003749928718,242.53256355686253,7.362007591369665
CTJF,1,0.0,true,1997,0,0.5361663248510571,0.9223515528836744,283.51466555796645,7.371930207723543
CTJF,1,0.0,true,1997,1,0.5695991702756223,0.8976450663339973,335.14839948934133,7.386739734290792
CTJF,1,0.0,true,1997,2,0.6022909629458024,0.8723580409496203,387.34386776623614,7.397937228249804
CTJF,1,0.0,true,1997,3,0.6110985878787585,0.8380101894724393,419.47975034733787,7.401562860751342
CTJF,1,0.0,true,1998,0,0.609461746556099,0.802592017542098,446.284985007426,7.404675267925469
CTJF,1,0.0,true,1998,1,0.6176159175666898,0.7585270928553124,473.2472054560563,7.404274214906986
CTJF,1,0.0,true,1998,2,0.6555835673035018,0.6984900666761129,527.8600843148565,7.356984710259785
CTJF,1,0.0,true,1998,3,0.6580499748419774,0.5328844304573319,548.8386205524431,7.357727212382103
CTJF,1,0.0,true,1999,0,0.6457140636082466,0.5157458667021239,554.8299828147814,7.325199668000376
CTJF,1,0.0,true,1999,1,0.6656421236361182,0.44223889592824756,582.2821003371214,7.316198601938738
CTJF,1,0.0,true,1999,2,0.6825194668475979,0.3931171636551003,608.0895527458068,7.316238658204088
CTJF,1,0.0,true,1999,3,0.686968604731269,0.3499126561731307,628.4285077281871,7.3118025493496335
CTJF,1,0.0,true,2000,0,0.6988807978258862,0.3328462379178366,646.681226816462,7.315535323488795
CTJF,1,0.0,true,2000,1,0.6972070025592438,0.31728949349521424,655.1462593410087,7.3109888558982785
CTJF,1,0.0,true,2000,2,0.6986458910207839,0.3070891073442057,665.2541999331585,7.294784417911807
CTJF,1,0.0,true,2000,3,0.6966148037465021,0.2822029286244927,698.0829871942417,7.292360477044114
CTJF,1,0.0,true,2001,0,0.6917185278406535,0.217798270544047,692.8604150030501,7.278419680145199
SIPP,0,0,true,1992,2,0.5903461638442671,0.2659012276631926,738.7142691634267,7.14799479510464
SIPP,0,0,true,1992,3,0.6368842575000879,0.24041270054413214,779.9167512422187,7.170449897402475
SIPP,0,0,true,1993,0,0.5961539052514818,0.2596422736389075,761.7386982493225,7.169891086517945
SIPP,0,0,true,1993,3,0.6568124729981648,0.2678996162493203,857.2352675577104,7.23447558651448
SIPP,0,0,true,1992,1,0.5817832819772838,0.30240541373008323,745.3431526117818,7.15751734051611
SIPP,0,0,true,1994,3,0.6693192436777551,0.23400884223204094,915.2254594316266,7.252321222005544
FTP,1,0.0,true,1994,2,0.33779393954166465,0.8460408978485162,118.50657823564885,7.0293333823792485
FTP,1,0.0,true,1994,3,0.3987556555373647,0.8379349448831137,162.84239547484344,7.041491450924839
FTP,1,0.0,true,1995,0,0.46443448849334773,0.810301740045529,217.43282171013306,7.070421531919508
FTP,1,0.0,true,1995,1,0.4925528023862976,0.7467482847856011,248.78176967917608,7.07693586922174
FTP,1,0.0,true,1995,2,0.5158553188597775,0.7013343380910054,273.7080192124246,7.072859696605908
FTP,1,0.0,true,1995,3,0.5315111905724211,0.6547210720474724,305.4395863277919,7.0786524146821135
FTP,1,0.0,true,1996,0,0.5980691113641665,0.590161754676477,344.8286910978555,7.104452205833198
FTP,1,0.0,true,1996,1,0.6226992624566318,0.5468484368825496,382.1676456845358,7.107988658567761
FTP,1,0.0,true,1996,2,0.6771005191975062,0.48423863188376987,435.24137175042296,7.142378040436269
FTP,1,0.0,true,1996,3,0.665258818111775,0.4345048329800584,442.42741893849114,7.136948913874511
FTP,1,0.0,true,1997,0,0.634761889696419,0.3836579668124218,444.80744114548014,7.132870856000346
FTP,1,0.0,true,1997,1,0.6553375849072997,0.34378155827294904,465.399508266475,7.139263484677504
FTP,1,0.0,true,1997,2,0.65532010855253,0.321927144258406,476.1625646219631,7.1336400178366555
FTP,1,0.0,true,1997,3,0.6518676299958146,0.2557550006106951,493.5462286879642,7.132917011831519
FTP,1,0.0,true,1998,0,0.6127600274718928,0.17942598180850905,469.67819719604205,7.119480625444065
FTP,1,0.0,true,1998,1,0.6282693110890684,0.17034497532106385,487.69171384192464,7.116849897003515
FTP,1,0.0,true,1998,2,0.6242823113593559,0.166728424463483,488.1683405245561,7.12003686981634
FTP,1,0.0,true,1998,3,0.5996706603755171,0.15364391386996087,472.0068666170019,7.107224921260941
FTP,1,0.0,true,1999,0,0.6046924047745919,0.16479105475533287,475.95040896314777,7.0893215931906015
MFIP,0,3.0,true,1994,2,0.2710776323762439,0.9519550099078065,86.86877270539304,7.281762312777671
MFIP,0,3.0,true,1994,3,0.29518480113823553,0.9400133024585517,147.87254446337528,7.292813506931789
MFIP,0,3.0,true,1995,0,0.3056341665666007,0.9056294294946793,196.42614179330127,7.3041788844527
MFIP,0,3.0,true,1995,1,0.3111323222124929,0.8545377521709387,218.52731248440443,7.301850560275371
MFIP,0,3.0,true,1995,2,0.355012850033097,0.8216544962124038,265.50131600440665,7.28631288406881
MFIP,0,3.0,true,1995,3,0.3838612324870291,0.7792362557305277,295.3214768063987,7.292886636265218
MFIP,0,3.0,true,1996,0,0.42560241509228514,0.7445343776006875,367.08678810314757,7.3023444749080495
MFIP,0,3.0,true,1996,1,0.45388183304251173,0.695108451830867,399.35382806489855,7.2970688045791645
MFIP,0,3.0,true,1996,2,0.47911251680196704,0.6535745182029346,444.30955698896787,7.307191809487193
MFIP,0,3.0,true,1996,3,0.48667091195856,0.6440710651206631,474.50405276909345,7.314025401810668
MFIP,0,3.0,true,1997,0,0.5078422988982464,0.6264625606929409,501.7008543052632,7.309714031129387
MFIP,0,3.0,true,1997,1,0.5235806967470846,0.5913781141900083,529.0874660638141,7.320090182145531
MFIP,0,3.0,true,1997,2,0.53737245369323,0.5604054384111353,552.910379210334,7.321702918657643
MFIP,0,3.0,true,1997,3,0.5635556538776002,0.5527196533304516,597.0435157469021,7.3327483593969935
MFIP,0,3.0,true,1998,0,0.6059432179366978,0.5344639633383773,651.2729738878509,7.3646823735918
MFIP,0,3.0,true,1998,1,0.5853736849433475,0.5229740787280921,627.2675621815337,7.314650843394028
MFIP,0,3.0,true,1998,2,0.6090890617349222,0.5003330260741506,667.8408017161205,7.329958542126748
MFIP,0,3.0,true,1998,3,0.591849107065187,0.5136451569161063,652.2294256373632,7.310017951667267
MFIP,0,2.0,true,1994,2,0.44809726337416406,0.8179878357082296,256.5506584775191,7.24595118382133
MFIP,0,2.0,true,1994,3,0.530711304675573,0.8031932818472688,335.76216354338135,7.261990873764827
MFIP,0,2.0,true,1995,0,0.5721637980403992,0.758858349784515,407.319586149739,7.283364293062442
MFIP,0,2.0,true,1995,1,0.5625555894544022,0.691455015814185,445.6423246641588,7.290080193269916
MFIP,0,2.0,true,1995,2,0.5777706071198077,0.7079180160316665,453.57298200993404,7.256141635264464
MFIP,0,2.0,true,1995,3,0.5635217575610251,0.6549818495779425,486.4127259554794,7.2912646897638
MFIP,0,2.0,true,1996,0,0.5552533094667954,0.6208138362716092,506.4951310600398,7.302806668139799
MFIP,0,2.0,true,1996,1,0.5920500187408101,0.592960288020936,545.3173584598616,7.314533149743636
MFIP,0,2.0,true,1996,2,0.5865934349586469,0.6054667876618091,594.029479790837,7.324241962284474
MFIP,0,2.0,true,1996,3,0.6077971708651525,0.5157386553904281,615.7629640068861,7.319050155133335
MFIP,0,2.0,true,1997,0,0.6143739564963239,0.5111330681234548,677.5256419604272,7.362023041072283
MFIP,0,2.0,true,1997,1,0.5559349925417538,0.5358359412368711,648.3968237007402,7.337061495799438
MFIP,0,2.0,true,1997,2,0.6673226112888071,0.5084292849811335,733.3456336543728,7.377586885499238
MFIP,0,2.0,true,1997,3,0.6616943233474352,0.494082383257443,745.9397551779717,7.393362257346632
MFIP,0,2.0,true,1998,0,0.6652100143466891,0.4918920255643326,765.6267649462253,7.410342525236147
MFIP,0,2.0,true,1998,1,0.6691144196505888,0.4723740231289153,791.6253265616682,7.413751975740098
MFIP,0,2.0,true,1998,2,0.6699092243357031,0.48796646009818256,798.8081980001493,7.409624818886473
MFIP,0,2.0,true,1998,3,0.7177996344719632,0.42992065755581643,930.4280031423178,7.393400752245545
MFIP,0,1.0,true,1994,2,0.5339421719906832,0.6097940224703062,359.81752709769603,7.187996076653007
MFIP,0,1.0,true,1994,3,0.5458839285405718,0.5913028648461216,448.1895864015756,7.205600829469053
MFIP,0,1.0,true,1995,0,0.5523987429383485,0.527135190096366,525.1629232335845,7.210792223372913
MFIP,0,1.0,true,1995,1,0.5653396352003209,0.4512515860648439,598.7666392331699,7.259663275549609
MFIP,0,1.0,true,1995,2,0.5779194117152706,0.43771250850684273,651.7072812160269,7.248532643441718
MFIP,0,1.0,true,1995,3,0.5852921944733254,0.38918180870383157,713.7680729677828,7.277987683552182
MFIP,0,1.0,true,1996,0,0.613288506694848,0.37403421923132163,754.4670798519887,7.300323907543493
MFIP,0,1.0,true,1996,1,0.6321937987761954,0.3508241034143311,787.349000772105,7.310462799132776
MFIP,0,1.0,true,1996,2,0.6475662112792968,0.34651666619465793,830.131813731425,7.3286401717420455
MFIP,0,1.0,true,1996,3,0.657677436707248,0.32267045364306934,864.4591514846095,7.330554055260414
MFIP,0,1.0,true,1997,0,0.6572967570304706,0.30754412316639457,887.043202707223,7.34116423078361
MFIP,0,1.0,true,1997,1,0.6598522899407419,0.27225827817479553,898.9076333297546,7.315387164363625
MFIP,0,1.0,true,1997,2,0.6861530495941177,0.2535391528124428,935.0467326499498,7.315715747458569
MFIP,0,1.0,true,1997,3,0.7407459622451502,0.24212812769395373,1015.8922463254605,7.3560617731269256
MFIP,0,1.0,true,1998,0,0.7452239692825829,0.23989859996848917,1049.999100527358,7.382149542059149
MFIP,0,1.0,true,1998,1,0.7554977144983844,0.19388003262460538,1098.2149260141052,7.410843434925979
MFIP,0,1.0,true,1998,2,0.7222321061494701,0.19396710492792477,1023.8231569119241,7.358587185745085
MFIP,0,1.0,true,1998,3,0.7449522428309254,0.17293921912682675,1057.8018897411332,7.40276680221539
SIPP,0,0,true,1995,3,0.7058454402032175,0.20654648144247167,1019.4732080957205,7.3103982904197435
CTJF,0,0.0,true,1996,2,0.3754870355774921,0.9413874281422903,167.89839444936348,7.2959082020318
CTJF,0,0.0,true,1996,3,0.40345880704726744,0.9317756181256052,211.67752902596072,7.298631239246452
CTJF,0,0.0,true,1997,0,0.40933506832257693,0.889110728083239,236.59966152066664,7.286344097889426
CTJF,0,0.0,true,1997,1,0.4228557764832032,0.8412882206093674,266.65400810105984,7.283254496208988
CTJF,0,0.0,true,1997,2,0.44753106055192693,0.807415560418681,297.60701728044006,7.286532225694089
CTJF,0,0.0,true,1997,3,0.46756091089231827,0.774194925341521,330.35608647795726,7.292290215612162
CTJF,0,0.0,true,1998,0,0.47278955220516355,0.7559063995881863,362.0007114809217,7.303765743754068
CTJF,0,0.0,true,1998,1,0.4885113333871603,0.7178068295215512,394.0702841994559,7.304261716704435
CTJF,0,0.0,true,1998,2,0.5198836886195333,0.6793847883128111,429.0812140669872,7.307105710309756
CTJF,0,0.0,true,1998,3,0.5469985026434293,0.6608869454037762,461.20715805663616,7.305953351373095
CTJF,0,0.0,true,1999,0,0.559116649544172,0.6223917366727038,486.8368128525514,7.306327653253047
CTJF,0,0.0,true,1999,1,0.5708291153564801,0.5831235808330768,520.7655993654134,7.315893154604564
CTJF,0,0.0,true,1999,2,0.5870679969788057,0.5619305505245953,556.328641841874,7.318679945038497
CTJF,0,0.0,true,1999,3,0.6062168214226704,0.5260144983245308,586.1639015105831,7.3254657449215745
CTJF,0,0.0,true,2000,0,0.6095445040007399,0.5095545505724474,601.8804899206563,7.3208759294017325
CTJF,0,0.0,true,2000,1,0.6025130622968353,0.4739526459234627,600.7497421216427,7.306236028000324
CTJF,0,0.0,true,2000,2,0.6065808547791101,0.4565338833593671,608.9283160640255,7.293265080161172
CTJF,0,0.0,true,2000,3,0.617682870857668,0.4130348784413509,633.755689297859,7.2939676977850505
CTJF,0,0.0,true,2001,0,0.6454238613034273,0.3788520885154313,684.4674739276712,7.323304117923718
CTJF,0,1.0,true,1996,2,0.603362857292921,0.5935799758121637,435.0651434591891,7.2159793981343885
CTJF,0,1.0,true,1996,3,0.6059831782740079,0.5842597549264034,487.39498986660783,7.273245850002938
CTJF,0,1.0,true,1997,0,0.6143214722953564,0.6528327841921366,526.8284105379612,7.269231483474141
CTJF,0,1.0,true,1997,1,0.643794605182423,0.568578328570853,580.7496258299334,7.273300971870321
CTJF,0,1.0,true,1997,2,0.6629752117168468,0.49233894607976353,614.8391203034698,7.260218724756972
CTJF,0,1.0,true,1997,3,0.6712323903782192,0.42968179182491245,638.1502522846897,7.2582813260396115
CTJF,0,1.0,true,1998,0,0.6921022651312122,0.4309480472898745,692.3031934817592,7.295362426457492
CTJF,0,1.0,true,1998,1,0.7014015860357969,0.41776215058701865,711.8373269105679,7.2973288771844125
CTJF,0,1.0,true,1998,2,0.6873088111183714,0.40183036510338654,734.8341700612546,7.304763355053638
CTJF,0,1.0,true,1998,3,0.6716501438972019,0.3857019725852145,744.521490877799,7.31131735885511
CTJF,0,1.0,true,1999,0,0.6916987320109318,0.3646703519336041,782.7411912689842,7.331688809002669
CTJF,0,1.0,true,1999,1,0.6968253207952297,0.3517995341375201,808.8301977315735,7.3401420333169565
CTJF,0,1.0,true,1999,2,0.722282250978279,0.34025476265407834,837.7508359758484,7.344778149704406
CTJF,0,1.0,true,1999,3,0.7140226077576786,0.30289694140312706,853.0679974355538,7.327434867159514
CTJF,0,1.0,true,2000,0,0.6718924130451659,0.2758324310680982,833.9449947175507,7.307026529357998
CTJF,0,1.0,true,2000,1,0.6806184711535892,0.26286793659829055,832.8884405028798,7.293015806333902
CTJF,0,1.0,true,2000,2,0.6838762625384396,0.25969067655931677,854.3885635268629,7.3048551786925735
CTJF,0,1.0,true,2000,3,0.6695668871367605,0.3102326730122736,871.5334091115682,7.300880432361279
CTJF,0,1.0,true,2001,0,0.7132261670589466,0.23416294076516417,970.1989057668291,7.3473868480005065
CTJF,1,1.0,true,1996,2,0.49472841547460655,0.6997534037637396,271.58593198710906,7.219007748726134
CTJF,1,1.0,true,1996,3,0.4571076183733048,0.6957020256308646,268.0067055597936,7.294095541977445
CTJF,1,1.0,true,1997,0,0.48498172433618697,0.8272921194213599,323.40285342855236,7.281609910426459
CTJF,1,1.0,true,1997,1,0.5168165151560296,0.7628632346363012,362.38390785435007,7.255390725797594
CTJF,1,1.0,true,1997,2,0.5801309855780736,0.6989553021752261,428.136129582025,7.2547602403614615
CTJF,1,1.0,true,1997,3,0.6073647041591518,0.6299580606038981,487.26326079321984,7.28582270261089
CTJF,1,1.0,true,1998,0,0.6069114918773831,0.6200912259955972,506.1475497126229,7.309951765224102
CTJF,1,1.0,true,1998,1,0.6455728915630236,0.6069861982623801,569.6270362687624,7.331675853933744
CTJF,1,1.0,true,1998,2,0.6531921575474503,0.5647455269024617,606.5399844090357,7.300004798923795
CTJF,1,1.0,true,1998,3,0.65580572792433,0.4533053760453495,651.4402673916425,7.284842476731171
CTJF,1,1.0,true,1999,0,0.6631604800295696,0.3805861062189807,688.8421512131268,7.283684130097973
CTJF,1,1.0,true,1999,1,0.6807134262349892,0.3337883545944265,721.5784321868713,7.278310557157408
CTJF,1,1.0,true,1999,2,0.6614147052494406,0.272737645724661,711.2444976904281,7.268373853369356
CTJF,1,1.0,true,1999,3,0.6540841645936046,0.2465039707910221,715.7410392084375,7.262123661169633
CTJF,1,1.0,true,2000,0,0.6513141633199696,0.26286827574915095,723.1167461691001,7.270938055378269
CTJF,1,1.0,true,2000,1,0.6440296683459882,0.24361647411429208,748.5666892547291,7.273025056874157
CTJF,1,1.0,true,2000,2,0.6192995032546629,0.23214094748673772,735.6159072206464,7.256317430168047
CTJF,1,1.0,true,2000,3,0.6278361134908376,0.2258188259082964,784.9006939469855,7.245715220358703
CTJF,1,1.0,true,2001,0,0.6749684625195245,0.17918488849923048,887.4751383709165,7.261715766530867
MFIP,2,1.0,true,1994,2,0.6033575165060419,0.7129425779417701,344.94114211741976,7.263061393927864
MFIP,2,1.0,true,1994,3,0.6619607178099062,0.6970183795053545,421.9699183540904,7.2059733637914025
MFIP,2,1.0,true,1995,0,0.6538717464754017,0.5878464472481276,549.7132294455382,7.2323272746803955
MFIP,2,1.0,true,1995,1,0.6640614493687408,0.5449002563925682,673.8703497698818,7.307233481811251
MFIP,2,1.0,true,1995,2,0.6415132627753058,0.49354122867067524,688.0910803875054,7.3172786160904435
MFIP,2,1.0,true,1995,3,0.6441641479187512,0.48899922658336753,712.88352676942,7.3518928760308535
MFIP,2,1.0,true,1996,0,0.6420319639566301,0.5146463379278535,720.82639752295,7.3618739327445315
MFIP,2,1.0,true,1996,1,0.6728082024009325,0.5102059662234126,744.9728030033983,7.3641176379146165
MFIP,2,1.0,true,1996,2,0.6007541437942143,0.5207005389727366,706.1258688189292,7.313872782459712
MFIP,2,1.0,true,1996,3,0.6600592507981027,0.4611389137473108,748.4597631231804,7.331905990485803
MFIP,2,1.0,true,1997,0,0.7069308537001198,0.44228784748054206,835.4746074218033,7.396485837492211
MFIP,2,1.0,true,1997,1,0.6585361248845168,0.4668439381702662,813.6964700277975,7.349301328232313
MFIP,2,1.0,true,1997,2,0.741183157636121,0.4582113195535965,936.9770799837745,7.414531050979298
MFIP,2,1.0,true,1997,3,0.8043060298981644,0.382635710259781,1054.7297568732497,7.430486759609049
MFIP,2,1.0,true,1998,0,0.7888059577988004,0.3598945335334245,1053.9406353120007,7.430417458137573
MFIP,2,1.0,true,1998,1,0.8187088843067809,0.353023198549474,1107.1271197142412,7.501580112712726
MFIP,2,1.0,true,1998,2,0.8016010155016109,0.34110838020266593,1103.6915000327554,7.49809320515935
MFIP,2,3.0,true,1994,2,0.3332365132594117,0.9489065248331656,110.20252446106073,7.295790942005975
MFIP,2,3.0,true,1994,3,0.4131325244436629,0.9379321135543149,183.94816060313647,7.303773899736783
MFIP,2,3.0,true,1995,0,0.42844102113239296,0.9103740183177093,224.8950988864294,7.318339302523888
MFIP,2,3.0,true,1995,1,0.44936199295765944,0.8854715886422136,256.74704587435593,7.325449808266122
MFIP,2,3.0,true,1995,2,0.45508620779013953,0.8732491732568187,283.8068975851087,7.327876243909323
MFIP,2,3.0,true,1995,3,0.46798739394288247,0.8509344941388601,315.9117114372609,7.327617517646027
MFIP,2,3.0,true,1996,0,0.48407634769533703,0.8277258782069432,342.3288688729956,7.342132913161905
MFIP,2,3.0,true,1996,1,0.4813537846449108,0.8147894894071938,352.1859137935662,7.333967059994405
MFIP,2,3.0,true,1996,2,0.5090578667749421,0.8016059035303431,401.9477138948521,7.34436103095953
MFIP,2,3.0,true,1996,3,0.5409336520991372,0.7845950096788596,452.26109573554254,7.358621410923652
MFIP,2,3.0,true,1997,0,0.5507189505479779,0.7656024497733839,486.41239925095385,7.351398027538189
MFIP,2,3.0,true,1997,1,0.5613349220960518,0.7323585685426095,507.3809583385441,7.353004975848749
MFIP,2,3.0,true,1997,2,0.5919412506711521,0.7100627206841137,542.3792047768428,7.355034684105427
MFIP,2,3.0,true,1997,3,0.605356740156433,0.6730552924502966,576.3131427089488,7.35637905869788
MFIP,2,3.0,true,1998,0,0.6088542519874994,0.6497202689716237,582.811378192711,7.365504396047587
MFIP,2,3.0,true,1998,1,0.6014375913874472,0.6395573708832304,594.7283564143577,7.344655411564549
MFIP,2,3.0,true,1998,2,0.6311982186553806,0.5952411342546572,630.7551303155207,7.340888517780547
MFIP,2,3.0,true,1998,3,0.655606804053773,0.5974128877958851,673.0159723698476,7.344277918657651
MFIP,2,2.0,true,1994,2,0.4066642812085368,0.9590542867691448,140.57324899590503,7.313973899816234
MFIP,2,2.0,true,1994,3,0.43239463246667226,0.9584146279095214,169.50511948584926,7.323994853561771
MFIP,2,2.0,true,1995,0,0.45869739157306405,0.9552182167032133,197.05513625422353,7.286437053923537
MFIP,2,2.0,true,1995,1,0.45818967472082456,0.8797259305877217,219.70101511323122,7.28683747074653
MFIP,2,2.0,true,1995,2,0.42876019673491694,0.8824079022699963,214.46910649973987,7.264826872184074
MFIP,2,2.0,true,1995,3,0.43975830466213944,0.8512479622987652,263.3441528787089,7.280665255774034
MFIP,2,2.0,true,1996,0,0.4394564048015623,0.8259835808039405,270.21099786211397,7.283135301420638
MFIP,2,2.0,true,1996,1,0.41308255811953726,0.8173350124285961,278.67820763765155,7.246009931157841
MFIP,2,2.0,true,1996,2,0.499461690377918,0.7421744972510004,329.56497161888456,7.292967696484391
MFIP,2,2.0,true,1996,3,0.6141195392158586,0.7512897630137603,416.8040519186448,7.3356232677367785
MFIP,2,2.0,true,1997,0,0.6151556590646524,0.7975704106683372,421.78931344992833,7.310302997205865
MFIP,2,2.0,true,1997,1,0.6462780298066587,0.7705806701522592,460.7791594995867,7.362999138188934
MFIP,2,2.0,true,1997,2,0.6878750360794676,0.7660743232302656,486.3278027074326,7.377031100927793
MFIP,2,2.0,true,1997,3,0.7206247178886693,0.7619501484776466,497.4025498508311,7.369349131024792
MFIP,2,2.0,true,1998,0,0.7244241432480041,0.7590049818620701,530.9669111651107,7.385865873175235
MFIP,2,2.0,true,1998,1,0.5887022070702077,0.7617466871088573,497.02439378859685,7.340066904265923
MFIP,2,2.0,true,1998,2,0.6225674040391849,0.7115077834747372,513.7523909671902,7.288650199637255
MFIP,2,2.0,true,1998,3,0.5686192947994679,0.6728847391784827,380.53429615150344,7.2415629659410365
MFIP,2,1.0,false,1994,2,0.5365310391176581,0.8425664610428136,228.32318421051667,7.3041717564340365
MFIP,2,1.0,false,1994,3,0.3947183185062938,0.8412751437667345,232.1640169259651,7.2997223510271345
MFIP,2,1.0,false,1995,0,0.5284464264166459,0.8253242219343387,319.72369916006534,7.2918459329912535
MFIP,2,1.0,false,1995,1,0.5924511370703966,0.7894055151103373,355.1928206942687,7.248109446138116
MFIP,2,1.0,false,1995,2,0.6439334502804877,0.7320799256099061,458.38986363800996,7.245854018577763
MFIP,2,1.0,false,1995,3,0.6830544139389926,0.6181479808235895,510.2786669818135,7.285453882593803
MFIP,2,1.0,false,1996,0,0.6468067173090386,0.5419126921418642,568.4685058370986,7.270575161565731
MFIP,2,1.0,false,1996,1,0.6711229214154558,0.5596826200981693,598.3044106853623,7.34122180304281
MFIP,2,1.0,false,1996,2,0.6557500187534756,0.49082409375950675,607.3152582127059,7.334276496735499
MFIP,2,1.0,false,1996,3,0.620005505316652,0.4872841453843113,637.954509423571,7.344186546311422
MFIP,2,1.0,false,1997,0,0.6399822251155186,0.5134698271403096,694.7120759598184,7.3252797131913105
MFIP,2,1.0,false,1997,1,0.686169064010746,0.44109821285427214,773.3146091141214,7.374817759591388
MFIP,2,1.0,false,1997,2,0.7512510162460835,0.3917207054068587,879.4198422078684,7.41008230251778
MFIP,2,1.0,false,1997,3,0.6983081557290658,0.39920979555914754,843.7015114011131,7.385821236087449
MFIP,2,1.0,false,1998,0,0.6448422487353731,0.40429014640816535,834.3339553817151,7.415622686117641
MFIP,2,1.0,false,1998,1,0.6960826519284419,0.40448792394606037,857.8780249179031,7.364889350270643
MFIP,2,1.0,false,1998,2,0.7835416730761403,0.27350545951987865,981.5246774756315,7.41194870963772
MFIP,2,1.0,false,1998,3,0.8535255082133812,0.26981704019881164,1041.9423999876392,7.417305855445722
CTJF,1,1.0,false,1996,2,0.5638571704836616,0.7574178295291106,282.3616008269503,7.252318827888279
CTJF,1,1.0,false,1996,3,0.6044099133184422,0.7472168530767668,338.790648217141,7.31291737637363
CTJF,1,1.0,false,1997,0,0.6363809796661013,0.7973304603534314,490.7891541285104,7.344560200360503
CTJF,1,1.0,false,1997,1,0.6412443912600837,0.6892570072331832,558.1944520223275,7.3140610293650585
CTJF,1,1.0,false,1997,2,0.6001114773532806,0.60721562136691,577.5934688019281,7.3033322389395465
CTJF,1,1.0,false,1997,3,0.5354540151493096,0.5579394343975388,535.5785824150523,7.258553986492106
CTJF,1,1.0,false,1998,0,0.5980960035802039,0.5105382281506964,607.2890695652172,7.306068404557261
CTJF,1,1.0,false,1998,1,0.6777047646831418,0.4884747159512545,710.7717996224794,7.365323786145372
CTJF,1,1.0,false,1998,2,0.6632187685549369,0.4805908466941438,726.4719860878446,7.296623111498914
CTJF,1,1.0,false,1998,3,0.6072982697390075,0.36372950747402644,700.0316084793433,7.250981138233063
CTJF,1,1.0,false,1999,0,0.6451066693459648,0.32224992939598135,718.6423815452473,7.207034611001064
CTJF,1,1.0,false,1999,1,0.6232089967341857,0.23161717443505442,706.1083015105854,7.1961055314314075
CTJF,1,1.0,false,1999,2,0.6198681092062459,0.24474222919832572,698.6436952010022,7.201054564918948
CTJF,1,1.0,false,1999,3,0.7113342092649616,0.22178710019075354,778.7188191806279,7.262155862730646
CTJF,1,1.0,false,2000,0,0.7982314225383912,0.23079382322539083,857.0647706458044,7.295408047224916
CTJF,1,1.0,false,2000,1,0.8208635578535801,0.17621466659676527,921.9515616611711,7.300283377584388
CTJF,1,1.0,false,2000,2,0.830753302757747,0.11776300421929344,974.9638692077804,7.312885778063101
MFIP,1,3.0,true,1994,2,0.3199863727841007,0.9649327689274367,96.9303657155716,7.297714830464971
MFIP,1,3.0,true,1994,3,0.4023673048735828,0.9576368649032257,162.31502648231003,7.315110052881575
MFIP,1,3.0,true,1995,0,0.4547717055172955,0.9475253104047306,233.84663784353614,7.3320830684469565
MFIP,1,3.0,true,1995,1,0.44476085169043844,0.9272344211937129,256.63678082481056,7.334593991717811
MFIP,1,3.0,true,1995,2,0.47741943107692675,0.9023419911098459,324.1271357490704,7.3436236413027425
MFIP,1,3.0,true,1995,3,0.5339955999473905,0.8696379246256268,368.4779709394725,7.343774661715345
MFIP,1,3.0,true,1996,0,0.5678519702019382,0.8438651066030302,418.04263625198683,7.353873602126468
MFIP,1,3.0,true,1996,1,0.5743458162579816,0.8170790698495964,434.1721171948286,7.356560002792938
MFIP,1,3.0,true,1996,2,0.5989790159657572,0.801835811100327,470.9319289248401,7.359054066623896
MFIP,1,3.0,true,1996,3,0.6280458906657402,0.7795046128491292,515.878925877849,7.35613631794237
MFIP,1,3.0,true,1997,0,0.6159974706877096,0.7512756923158744,536.2372949223467,7.36541058723101
MFIP,1,3.0,true,1997,1,0.6252179073649823,0.7348427375738393,567.1430788025779,7.368546946966607
MFIP,1,3.0,true,1997,2,0.6152978405639857,0.7168542263227664,577.5430148129918,7.376487807120215
MFIP,1,3.0,true,1997,3,0.6366653970211921,0.6935641497596905,616.8013580045788,7.374232947338365
MFIP,1,3.0,true,1998,0,0.6335474003314404,0.6667045066911729,633.1316681384749,7.381472650028146
MFIP,1,3.0,true,1998,1,0.6148622295255478,0.6584592434290821,635.604801291487,7.375995565817663
MFIP,1,2.0,true,1994,2,0.44301170804818485,0.9204289410997756,161.62244715053606,7.262044833787145
MFIP,1,2.0,true,1994,3,0.5295417627937772,0.9089169263358902,250.1616845826858,7.288535744110542
MFIP,1,2.0,true,1995,0,0.5781248593835208,0.8948936201938064,275.3517556205138,7.312446718820054
MFIP,1,2.0,true,1995,1,0.546723084863499,0.8765787285550575,288.79437011746495,7.283564215875991
MFIP,1,2.0,true,1995,2,0.568460015338509,0.838088048491432,325.5790822645594,7.271263278977238
MFIP,1,2.0,true,1995,3,0.5969553330029521,0.8013719544061924,373.46256760749674,7.29869135453022
MFIP,1,2.0,true,1996,0,0.5520330727608304,0.8047131645231698,378.1209260327503,7.327779900147576
MFIP,1,2.0,true,1996,1,0.5419189611202854,0.8249607805559318,387.95750031837986,7.333794849865758
MFIP,1,2.0,true,1996,2,0.5175408863535779,0.8216458009152577,395.9606931833244,7.340697884457623
MFIP,1,2.0,true,1996,3,0.5439710745026834,0.8223658000218839,406.6433493858117,7.325296868199055
MFIP,1,2.0,true,1997,0,0.5174846050221006,0.8135727629706231,436.5376658929601,7.322480876454092
MFIP,1,2.0,true,1997,1,0.5538205391107417,0.7920646057551924,433.15455281172956,7.291681976851515
MFIP,1,2.0,true,1997,2,0.5963907970901307,0.7405095841541736,512.4349292411338,7.333310166432886
MFIP,1,2.0,true,1997,3,0.6231476141576805,0.7107180247082163,559.1890734663817,7.3348240965030485
MFIP,1,2.0,true,1998,0,0.6142356822152966,0.6736534507205203,554.1413295623653,7.354069988068239
MFIP,1,2.0,true,1998,1,0.54001379122897,0.6904521143648229,486.355252502666,7.316047505858124
MFIP,1,2.0,true,1998,2,0.551124211228418,0.6724677954835564,502.1581103957923,7.273330835154655
MFIP,1,2.0,true,1998,3,0.6216651882237116,0.7446160303382745,588.4461331291428,7.368341379434265
MFIP,1,3.0,true,1998,2,0.6308433388596801,0.621006340801899,684.7095130396153,7.371853622445622
MFIP,1,3.0,true,1998,3,0.6343913072055657,0.5755926519570904,669.6987501232571,7.319863314472698
MFIP,1,1.0,true,1994,2,0.6139391390495573,0.7862738078994435,453.7432794707214,7.304310710590832
MFIP,1,1.0,true,1994,3,0.5865329169238194,0.7807753588125158,488.3655772686424,7.318896770230184
MFIP,1,1.0,true,1995,0,0.6492189795098916,0.76344191397668,589.8590967082816,7.365133921944394
MFIP,1,1.0,true,1995,1,0.679837135247896,0.7130588548658927,649.1617013865298,7.367129896314272
MFIP,1,1.0,true,1995,2,0.6743657859514685,0.6615859311695287,689.8993557180114,7.382090728439678
MFIP,1,1.0,true,1995,3,0.6389090052693734,0.6299729482522868,713.6347078365583,7.302381510700068
MFIP,1,1.0,true,1996,0,0.6626227375147363,0.578817442828578,752.292239387828,7.37262091776186
MFIP,1,1.0,true,1996,1,0.712244369441763,0.5773814512536308,788.3867033364523,7.358365229216012
MFIP,1,1.0,true,1996,2,0.7601343894998874,0.5382445393678235,840.0151317692753,7.380724336595685
MFIP,1,1.0,true,1996,3,0.7551598764593177,0.5015431419029803,873.2357818551565,7.38130034597279
MFIP,1,1.0,true,1997,0,0.7079959217773196,0.5014370597612983,854.5074162158234,7.3520852022565215
MFIP,1,1.0,true,1997,1,0.706284058320699,0.481986870892736,885.779311018614,7.3340805383428815
MFIP,1,1.0,true,1997,2,0.7035845821437242,0.44788729118493825,894.8050823482724,7.362649544807763
MFIP,1,1.0,true,1997,3,0.7594540514434198,0.4168235886030787,952.7075940479375,7.382978930211829
MFIP,1,1.0,true,1998,0,0.7616210626769642,0.394392643733152,969.7969767175076,7.387236053967761
MFIP,1,1.0,true,1998,1,0.7805570628981326,0.3380116357629493,997.4186349602019,7.389132864698361
MFIP,1,1.0,true,1998,2,0.80604514049558,0.3461740898158554,1066.6193879736563,7.413623333920106
MFIP,1,1.0,true,1998,3,0.8620372122346673,0.3063897237892073,1197.3426449600904,7.477937364710689
MFIP,1,1.0,false,1994,2,0.6671837252093094,0.798149400425683,395.64677804766086,7.265200363068781
MFIP,1,1.0,false,1994,3,0.6782633283394063,0.7742644341952005,529.7457544516964,7.310725779550786
MFIP,1,1.0,false,1995,0,0.6760248524339812,0.7528836030807495,576.1399672974144,7.336578374671592
MFIP,1,1.0,false,1995,1,0.6863846865083335,0.7103835074163192,639.8804414513044,7.347002886724507
MFIP,1,1.0,false,1995,2,0.6978551712392781,0.7043210115015244,699.4059548842715,7.351520011804143
MFIP,1,1.0,false,1995,3,0.6941648197630029,0.6133130089030968,728.6517768247843,7.366377659327757
MFIP,1,1.0,false,1996,0,0.6481698752211167,0.6180667282107574,696.8842844669573,7.329915342037892
MFIP,1,1.0,false,1996,1,0.6495563905904007,0.5608905001620772,755.2283744101599,7.339286747982167
MFIP,1,1.0,false,1996,2,0.7058781026683032,0.48353447381312437,836.251604819434,7.364260930286181
MFIP,1,1.0,false,1996,3,0.6821344954451686,0.4778339991463629,858.3093689885899,7.337619259033434
MFIP,1,1.0,false,1997,0,0.747039017092508,0.40955314623433947,909.6856067086871,7.368467145890361
MFIP,1,1.0,false,1997,1,0.7507655535223242,0.39280516349209965,916.845942874046,7.35770138900363
MFIP,1,1.0,false,1997,2,0.8067808113264177,0.36165213945991154,1031.1344971855804,7.442227615020775
MFIP,1,1.0,false,1997,3,0.7836620817869333,0.35910276924046636,1016.753078954812,7.385867790418501
MFIP,1,1.0,false,1998,0,0.7180952048472841,0.3478910039655649,973.8640886746638,7.342304960670184
MFIP,1,1.0,false,1998,1,0.7450886006381339,0.3254695224174434,1054.5146988835984,7.386112168996745
MFIP,1,1.0,false,1998,2,0.7602439358221417,0.3245223054134858,1072.1794350197029,7.375317554098851
MFIP,1,1.0,false,1998,3,0.5701724627264976,0.33034480959938245,933.2614700258987,7.258495183779963
FTP,1,1.0,true,1994,2,0.39673262648206553,0.6434466103340387,176.951402810923,6.955722051801809
FTP,1,1.0,true,1994,3,0.39914992788224907,0.6371241168270643,204.4573957051746,6.9785436123324285
FTP,1,1.0,true,1995,0,0.4412182407580572,0.6374015174456245,246.82677792395575,7.001006171852823
FTP,1,1.0,true,1995,1,0.4642089277802031,0.5858415347729445,275.7688594216136,6.984156406760449
FTP,1,1.0,true,1995,2,0.4744280890660685,0.4985549933551762,300.3830527662141,6.967396298000438
FTP,1,1.0,true,1995,3,0.5003673785591909,0.4254261609838207,331.22012701238873,6.975115285292526
FTP,1,1.0,true,1996,0,0.5047101098899103,0.390554505793856,344.43694292378257,6.981332508462852
FTP,1,1.0,true,1996,1,0.5067139964382026,0.36381549620016196,346.9520290122662,6.9585386269987355
FTP,1,1.0,true,1996,2,0.5287871483827156,0.33855685013186715,370.2238054753051,6.9644591711623125
FTP,1,1.0,true,1996,3,0.5219364130121449,0.28805940609902264,374.972469181799,6.956286521389196
FTP,1,1.0,true,1997,0,0.5023657385716591,0.2453301001397886,370.694416829063,6.951853187058338
FTP,1,1.0,true,1997,1,0.505331238385395,0.23087723773715244,378.2223776837426,6.9465794395083496
FTP,1,1.0,true,1997,2,0.5249064187943904,0.2102402391232195,396.1051244401556,6.951494863719801
FTP,1,1.0,true,1997,3,0.5020765723618275,0.1783136453972436,391.94594699587066,6.9376952131190475
FTP,1,1.0,true,1998,0,0.511075053161308,0.1513758000239337,402.46824345828696,6.950470059819044
FTP,1,1.0,true,1998,1,0.5218109282188164,0.14322170964162242,418.4335563114525,6.969409280796605
FTP,1,1.0,true,1998,2,0.5304101083569248,0.1348142776514546,440.9500225152002,6.983310745143692
FTP,1,1.0,true,1998,3,0.5130114710163847,0.12848431460767573,433.41042579627094,6.963025074608805
FTP,1,1.0,true,1999,0,0.4910270483433863,0.12300417865476289,424.3932127762073,6.946885368670312
FTP,1,1.0,true,1999,1,0.5402465010529368,0.06685357467482902,511.10061489359646,7.013369153430117
FTP,1,0.0,true,1999,1,0.6769867905454603,0.17389292002056939,568.2194638730033,7.1587760991884375
CTJF,1,1.0,false,2000,3,0.7686089913325199,0.12542957998513707,980.4285107698474,7.366115577300968
MFIP,2,1.0,true,1998,3,0.7946575462195764,0.27584528367059075,1029.653481122423,7.416663965871185
CTJF,1,1.0,false,2001,0,0.7523451002885759,0.1254110599788443,1023.2730976885384,7.40954581011497
