source,arm,est_sample,year,Q,EMP,AFDC,EARN,LOGFULL
SIPP,0,true,1993,1,0.5794698137456386,0.2661220287246082,735.7777627562965,8.367215626689894
SIPP,0,true,1993,2,0.5812998480545688,0.25169379372730344,742.8742003656122,8.365371154648402
SIPP,0,true,1994,0,0.581665570878506,0.2579771240326266,749.5994702053715,8.376451103352535
SIPP,0,true,1994,1,0.5816207681001948,0.2585191517860786,755.2248905980333,8.3773743288239
SIPP,0,true,1994,2,0.582913960172413,0.25470583752739695,761.4511976094277,8.375681800628717
SIPP,0,true,1995,0,0.5890040174486026,0.25635805848138704,798.6440334521742,8.385011876333722
SIPP,0,true,1995,1,0.5897824774336251,0.25203581428056027,808.0964779971952,8.38605357741788
SIPP,0,true,1995,2,0.5886838651977323,0.25473963384352905,810.3740617191798,8.384928871276871
FTP,0,true,1994,2,0.3943931608205571,0.734568846908827,137.782058964315,8.235947274640559
FTP,0,true,1994,3,0.41177866773664934,0.6753590242065568,186.05277939527866,8.239823105498008
FTP,0,true,1995,0,0.4273813292922276,0.6229886291931412,223.89713870969817,8.24768726013573
FTP,0,true,1995,1,0.43892168646237273,0.5775083556767461,254.57450176823366,8.250099731008154
FTP,0,true,1995,2,0.44788291793275176,0.5384192360738367,277.949562413326,8.250850456493927
FTP,0,true,1995,3,0.45499160483541684,0.5059539702066265,296.50255139131565,8.251803664070888
FTP,0,true,1996,0,0.4611733876603255,0.479384006102877,312.1856306804371,8.256014038585116
FTP,0,true,1996,1,0.4656871456774863,0.457363016737912,325.9228932848138,8.256607830684692
FTP,0,true,1996,2,0.4692417712201746,0.43838450416600927,337.74233865965675,8.2561597578166
FTP,0,true,1996,3,0.472247867196866,0.4226433855475184,349.0028146302833,8.256624630928588
FTP,0,true,1997,0,0.4747214745582786,0.4095097977967614,358.2309797334193,8.257696657960873
FTP,0,true,1997,1,0.47666761724579493,0.39860857952037837,364.5531102589436,8.257345634072836
FTP,0,true,1997,2,0.4782612216233817,0.3891731487575603,372.8130474961519,8.25761461604554
FTP,0,true,1997,3,0.47969167874124674,0.38143913793461903,379.5408320407558,8.257980641376376
FTP,0,true,1998,0,0.4809469887308856,0.3751549447968205,385.8039029642136,8.260590100926333
FTP,0,true,1998,1,0.48198867008214563,0.37006398569544746,391.5337663321118,8.261219660733092
FTP,0,true,1998,2,0.48279271817351294,0.36537811533271486,397.8413887065547,8.261688553790712
FTP,0,true,1998,3,0.48358230054019147,0.36122614045228973,402.8825267833986,8.261695030065736
FTP,0,true,1999,0,0.484243682662629,0.35821055963721915,407.5793163074418,8.263893279901286
FTP,0,true,1999,1,0.4914592313098017,0.349315623745586,432.4598744800034,8.276713955704638
CTJF,1,true,1996,2,0.43462341800387233,0.8972694131247341,202.56149847765082,8.151971174073898
CTJF,1,true,1996,3,0.46566549825027465,0.8625001122087433,262.9135749838169,8.162290719583096
CTJF,1,true,1997,0,0.4884301162793436,0.8301947325534104,311.3513988648193,8.17032638298261
CTJF,1,true,1997,1,0.5054616512247369,0.8012477680603282,350.85238729465686,8.17570233042694
CTJF,1,true,1997,2,0.5184553944963723,0.7757664026730191,385.5088557108,8.17950359744551
CTJF,1,true,1997,3,0.5287241973665888,0.7541273086258049,416.27587005917377,8.18388730071525
CTJF,1,true,1998,0,0.5369690030917534,0.7356020828841728,444.47047313063194,8.190537411641241
CTJF,1,true,1998,1,0.5433689044764498,0.7132091571469891,470.5274861788068,8.191823261563894
CTJF,1,true,1998,2,0.5495255021627058,0.588300623689655,492.6424424538699,8.17420820819328
CTJF,1,true,1998,3,0.5539362009657501,0.4904870915602703,511.99335009831657,8.160643960086604
CTJF,1,true,1999,0,0.5574920687254573,0.4149703780383202,529.5572428065335,8.153276953702015
CTJF,1,true,1999,1,0.5603676842817132,0.35581226208895633,544.222033509518,8.1459952870728
CTJF,1,true,1999,2,0.5626137555029085,0.3087628525233771,557.5142571358282,8.138653458515527
CTJF,1,true,1999,3,0.5645476926783335,0.2718550266354714,568.3254851761351,8.134277844412589
CTJF,1,true,2000,0,0.5661543843986211,0.24300742886315604,578.1712523166643,8.132208976926607
CTJF,1,true,2000,1,0.5675023076474497,0.22011531349513316,587.178285704634,8.129750572853899
CTJF,1,true,2000,2,0.5685873016937818,0.20127146001943877,595.7604757478313,8.125897413065879
CTJF,1,true,2000,3,0.5708619657517091,0.18492124472537885,606.1033009033903,8.121744430089059
CTJF,1,true,2001,0,0.571050026918123,0.17248510472676754,605.9773651045058,8.122988889340581
SIPP,0,true,1992,2,0.5752912677330809,0.25613052584889623,702.2172951333106,8.362408270293669
SIPP,0,true,1992,3,0.5700993320377724,0.25644299418554095,686.4015796362437,8.361567263417973
SIPP,0,true,1993,0,0.5736885916552128,0.2612614526194626,708.0157023645462,8.368852580074671
SIPP,0,true,1993,3,0.5772713325274968,0.26162388870410497,731.0614699652073,8.369228089342585
SIPP,0,true,1992,1,0.5719881364078335,0.27631229216211817,705.086510554096,8.364757965487662
SIPP,0,true,1994,3,0.5771816938840149,0.26465219701929,752.1291457107837,8.378953882721294
FTP,1,true,1994,2,0.39416809894100235,0.7625508720404156,132.31385072349627,8.243829398297398
FTP,1,true,1994,3,0.41211986565490094,0.7020881612602948,181.27485529396884,8.248131413004037
FTP,1,true,1995,0,0.42769073585756145,0.6485949504926534,219.32803129751517,8.256067582534504
FTP,1,true,1995,1,0.4392299507015903,0.6020424623376325,250.10927898028444,8.258443944303227
FTP,1,true,1995,2,0.4480722302518213,0.5618826246525785,273.5075807498468,8.258829588746693
FTP,1,true,1995,3,0.4551107696717475,0.528338161876918,292.0635526062314,8.259704443748351
FTP,1,true,1996,0,0.46110721953784606,0.5000854644306183,307.65216343800705,8.263654895303539
FTP,1,true,1996,1,0.4676964712387535,0.434136525931448,322.3809748416179,8.259702837579423
FTP,1,true,1996,2,0.47112127305499807,0.38210449388847834,334.11529069176254,8.255369987926445
FTP,1,true,1996,3,0.4740158842270991,0.34129722314622973,345.27163052607114,8.253203809561498
FTP,1,true,1997,0,0.4763788286357313,0.3091462522823074,354.39213719705083,8.252365468932153
FTP,1,true,1997,1,0.47825371081661805,0.2835426158986974,360.65588997843105,8.250580398211008
FTP,1,true,1997,2,0.47979620268014844,0.2627374794027593,368.8350500194736,8.249250769263007
FTP,1,true,1997,3,0.48116487705827504,0.2459498064574615,375.48194159460706,8.248709766584414
FTP,1,true,1998,0,0.4823514696786794,0.23256679141989586,381.64322692689916,8.250672813787087
FTP,1,true,1998,1,0.48335057445754565,0.22156720722246134,387.30062450309407,8.250694321618441
FTP,1,true,1998,2,0.48409942692858343,0.2121092733059414,393.5257145927455,8.250135477991089
FTP,1,true,1998,3,0.4848376317176713,0.20407117270130593,398.5326954824414,8.249835272066166
FTP,1,true,1999,0,0.48554050985463076,0.197587342300253,403.37460674351894,8.251731907134825
MFIP,0,true,1994,2,0.39150998493247197,0.8236960104806114,185.03977228388456,8.192962361517045
MFIP,0,true,1994,3,0.41991218236193156,0.779706257887899,251.73807204546884,8.199064064975385
MFIP,0,true,1995,0,0.44532753039622147,0.7360270214993346,308.2166048500846,8.210043445570147
MFIP,0,true,1995,1,0.4645306687853001,0.6954386333552067,355.48392674112563,8.214254835987708
MFIP,0,true,1995,2,0.48035262205160667,0.6584689673589144,395.2903366913647,8.216420725867017
MFIP,0,true,1995,3,0.49352573581930226,0.6262609999766735,430.8076758200656,8.219560276152563
MFIP,0,true,1996,0,0.5052477747298936,0.5986719384312631,461.3412013118745,8.22635578582149
MFIP,0,true,1996,1,0.5143126329231185,0.5751124574900099,485.0750664679294,8.228064328405221
MFIP,0,true,1996,2,0.5213854263174231,0.554027035623545,506.40951267385014,8.22733568396582
MFIP,0,true,1996,3,0.527987070580941,0.5358607072401149,527.9706952670709,8.228919877137999
MFIP,0,true,1997,0,0.5337063360620081,0.5200441920349255,547.4513832999305,8.231704162226599
MFIP,0,true,1997,1,0.5385532151403718,0.5061919977927352,566.3576609355345,8.233008915591066
MFIP,0,true,1997,2,0.5426827813913926,0.4939254009294186,582.2184339420945,8.233545684901712
MFIP,0,true,1997,3,0.5462733246628099,0.483481624689798,598.1869184970512,8.235129306799873
MFIP,0,true,1998,0,0.549906274009307,0.47440527117861725,613.5307449328247,8.244059762281958
MFIP,0,true,1998,1,0.5525836038840197,0.4667947754112643,627.3163652635683,8.24593898156507
MFIP,0,true,1998,2,0.5550083263780267,0.45886482050749694,639.843123518112,8.243824142742476
MFIP,0,true,1998,3,0.5531683329768179,0.4553622912748163,637.4176665514075,8.226715850072592
SIPP,0,true,1995,3,0.5857961958704972,0.2580140701776488,802.5478236551653,8.388876291649831
CTJF,0,true,1996,2,0.4384804066428975,0.8327584794685089,220.4072020406852,8.135671372642125
CTJF,0,true,1996,3,0.4673780790687843,0.7813082114016678,279.6919756206123,8.141146162937797
CTJF,0,true,1997,0,0.4891328790510444,0.7333840102148076,327.7702676326071,8.145870898492792
CTJF,0,true,1997,1,0.5057239992460258,0.6909269900006206,367.2511055018897,8.148970124494786
CTJF,0,true,1997,2,0.5185088615929258,0.6537520783443829,402.1149248656203,8.151576964558974
CTJF,0,true,1997,3,0.528804078229307,0.6222024522725339,433.26099247094055,8.15468573383632
CTJF,0,true,1998,0,0.5371809149849092,0.5954332277670006,461.965286856835,8.160533955002345
CTJF,0,true,1998,1,0.5438755214233909,0.5729520183043691,488.72345216603264,8.164047893833247
CTJF,0,true,1998,2,0.5490555022784727,0.5535893864340479,510.41794721296554,8.166022842589694
CTJF,0,true,1998,3,0.5534489403525354,0.5370566748890109,530.0697012970186,8.167700933050734
CTJF,0,true,1999,0,0.5570743698647802,0.5234198920097416,547.9833101272565,8.171756612709864
CTJF,0,true,1999,1,0.5600171408798533,0.5119498866479687,562.9230926086796,8.173344913473331
CTJF,0,true,1999,2,0.5623086155063534,0.5011575838805037,576.4688133557731,8.173246306668656
CTJF,0,true,1999,3,0.5643437048456424,0.49207517849835286,587.5049250265942,8.173993513117807
CTJF,0,true,2000,0,0.5660791776943682,0.4840909961826694,597.5960563050136,8.1755061718471
CTJF,0,true,2000,1,0.5675274655765175,0.4771823447381969,606.8145479379367,8.175954358301542
CTJF,0,true,2000,2,0.56883253646998,0.46921746253125435,616.1157195468707,8.174950456734678
CTJF,0,true,2000,3,0.5705639702623245,0.4632533343528356,625.2135469950188,8.173293422668019
CTJF,0,true,2001,0,0.5721772282161751,0.45452908609177106,631.1022409664367,8.173187345452616
MFIP,2,true,1994,2,0.3502914075446327,0.9266055938642939,134.64133536550892,8.171084788773584
MFIP,2,true,1994,3,0.3888653360724516,0.883577470859444,204.70504469967392,8.177999924115456
MFIP,2,true,1995,0,0.42028366347399887,0.8408480890522105,263.3522773735911,8.189367563265696
MFIP,2,true,1995,1,0.443563565826951,0.8007332860535664,312.1641988371571,8.193736459922283
MFIP,2,true,1995,2,0.46209561282016676,0.763697292969744,353.06163452561174,8.19568225093472
MFIP,2,true,1995,3,0.47715051403413083,0.7308432928744355,389.1889356934722,8.198593665790698
MFIP,2,true,1996,0,0.4901828732271707,0.7021326295289667,420.1579254574107,8.20520708795447
MFIP,2,true,1996,1,0.5002659941247887,0.6772240863669314,444.3916431243781,8.206613179077063
MFIP,2,true,1996,2,0.508164017532186,0.6546201637280952,466.008759281044,8.205360839917795
MFIP,2,true,1996,3,0.5153587112892103,0.6348444857157407,487.52110241418353,8.206537545708565
MFIP,2,true,1997,0,0.5215509729775841,0.617302395934825,506.88168228551206,8.208833799648637
MFIP,2,true,1997,1,0.5267700738312661,0.6017420240054522,525.5031913729889,8.209704064702091
MFIP,2,true,1997,2,0.5311968702200378,0.5877841653954099,541.1330322041276,8.209789063702372
MFIP,2,true,1997,3,0.5350349045717995,0.5757238324973211,556.7310301825783,8.211040732127092
MFIP,2,true,1998,0,0.5388655818275921,0.565078282209403,571.6638954495116,8.219327615174985
MFIP,2,true,1998,1,0.5417127846066138,0.5560302306413765,585.016796659292,8.220962895430766
MFIP,2,true,1998,2,0.547252938164909,0.541527895023151,604.1983622580218,8.22085243427352
MFIP,2,true,1998,3,0.5478518340139802,0.5261231948516893,609.3142203126422,8.21450534731438
MFIP,2,false,1994,2,0.40201078122322076,0.814223463195724,208.61567634909295,8.366665274181855
MFIP,2,false,1994,3,0.4308991586288306,0.763041781521692,278.393872354168,8.371750130563802
MFIP,2,false,1995,0,0.45665161358783096,0.7152314251136201,338.8583665134904,8.381366594733752
MFIP,2,false,1995,1,0.47718173291818433,0.6715457472622736,391.1870658043709,8.384841951313474
MFIP,2,false,1995,2,0.4945737414315275,0.6319097712536398,436.47831945222555,8.386571011664696
MFIP,2,false,1995,3,0.5094545281490936,0.5972356621615739,477.89532804179055,8.389267873140055
MFIP,2,false,1996,0,0.522810453473051,0.5675742468219046,514.3172463738761,8.39570065980593
MFIP,2,false,1996,1,0.5336496408845985,0.5420163309762304,543.7271115402516,8.397307070476081
MFIP,2,false,1996,2,0.5427104124274482,0.518906143183566,570.8805288788811,8.396971291431207
MFIP,2,false,1996,3,0.5508952900905327,0.49880890590978955,598.333256719533,8.398590553219229
MFIP,2,false,1997,0,0.558086290559482,0.4811831155191941,623.5623311273002,8.401401248126106
MFIP,2,false,1997,1,0.5642894985643769,0.4656117182188655,648.2479676024901,8.402865803452611
MFIP,2,false,1997,2,0.5696636459035053,0.4516969199397219,669.5030715812599,8.403656910245077
MFIP,2,false,1997,3,0.5743869985971259,0.43971177619947804,690.8957284407546,8.40539411190768
MFIP,2,false,1998,0,0.5789748149173797,0.4293860047647111,711.4783117122938,8.414324202901359
MFIP,2,false,1998,1,0.5825781599715438,0.4205989543660343,730.3123078654837,8.41638715732115
MFIP,2,false,1998,2,0.5885231152683638,0.40293392031178993,746.3578497606159,8.41695705903914
MFIP,2,false,1998,3,0.5909848009646511,0.4065648486335646,763.6465362434964,8.413971279012177
CTJF,1,false,1996,2,0.5531165182703025,0.7367894910906092,332.71692435831176,8.254530305403742
CTJF,1,false,1996,3,0.5697690041480402,0.7121403721304045,401.7668708498101,8.268606891063335
CTJF,1,false,1997,0,0.5824946165342184,0.6841170314780658,458.0340812107394,8.279016122962805
CTJF,1,false,1997,1,0.5923970002136445,0.6557656764466434,504.69701028211205,8.285564226387008
CTJF,1,false,1997,2,0.6002679565012277,0.6291243555627156,546.799071702387,8.29021444275293
CTJF,1,false,1997,3,0.6069170587224677,0.6054581213569963,585.0811993939583,8.295145005921421
CTJF,1,false,1998,0,0.6126324758462594,0.5847056808859514,621.0110637966687,8.303400528017397
CTJF,1,false,1998,1,0.6171309381577185,0.558427171290411,654.8244731947943,8.304422832113838
CTJF,1,false,1998,2,0.6219323540337005,0.47230523072227515,683.6725148757901,8.294497012903015
CTJF,1,false,1998,3,0.6254640860167175,0.4044878499023354,709.3765620625228,8.28713179494368
CTJF,1,false,1999,0,0.6284282209451089,0.3523873448921316,733.0310091290319,8.284503838483978
CTJF,1,false,1999,1,0.6308929940515591,0.3111608938608104,752.979877576078,8.281054659690055
CTJF,1,false,1999,2,0.6329142612602177,0.27769033669947796,771.3029856907013,8.277087330475805
CTJF,1,false,1999,3,0.634692317098969,0.2510754170095207,786.3486833334741,8.275074228817482
CTJF,1,false,2000,0,0.6362270227430695,0.23002535781886746,800.1963504867031,8.274729462890146
CTJF,1,false,2000,1,0.6375465465053647,0.2128882662721566,812.9792295916506,8.273790708647656
CTJF,1,false,2000,2,0.6385464883569058,0.1979776204932026,824.7677022857733,8.271065025428983
MFIP,1,true,1994,2,0.3593391078983542,0.912294445934441,143.24483056148696,8.191053730930788
MFIP,1,true,1994,3,0.39555857510699066,0.8705172938937087,211.15835318729654,8.197819233468106
MFIP,1,true,1995,0,0.42529185831233307,0.8290236997837335,267.96783096093276,8.208997152424432
MFIP,1,true,1995,1,0.44737225209398723,0.7900385133813953,315.2497908653115,8.213201744472746
MFIP,1,true,1995,2,0.46499330571576347,0.754005042824748,354.8402795840061,8.21502291431684
MFIP,1,true,1995,3,0.4793336842324698,0.7220406213123304,389.8499360014688,8.21780409481856
MFIP,1,true,1996,0,0.4917640581788493,0.6941421704325775,419.8325144176958,8.224213059613794
MFIP,1,true,1996,1,0.5013850810967645,0.6699434295024024,443.23514203578515,8.22552052261808
MFIP,1,true,1996,2,0.5089581278519177,0.6479526636097872,464.1589927215586,8.224268691529756
MFIP,1,true,1996,3,0.5158327745822849,0.6287140705851629,485.0327148103151,8.225368163560232
MFIP,1,true,1997,0,0.521755867777735,0.6116486671927684,503.8291641213187,8.227578272862948
MFIP,1,true,1997,1,0.5267496629116288,0.596502774030695,521.947309766437,8.228387549247211
MFIP,1,true,1997,2,0.5309873114939931,0.5829037346328918,537.141204022466,8.228427507903776
MFIP,1,true,1997,3,0.5346640385936893,0.5711554827560548,552.3432824988995,8.22962077992308
MFIP,1,true,1998,0,0.5383434929699544,0.5608026931067672,566.9090152688334,8.237660870098445
MFIP,1,true,1998,1,0.5410745656286601,0.5520071750745703,579.9487788897993,8.239238148388996
MFIP,1,true,1998,2,0.5422600322012721,0.54427644193022,588.461378754199,8.237747509109342
MFIP,1,true,1998,3,0.5448057028659572,0.5323743951925244,600.0087316344398,8.222600775102146
MFIP,1,false,1994,2,0.4150111761044815,0.7835105134461332,230.15171941910404,8.317188248335729
MFIP,1,false,1994,3,0.44425979026355733,0.7344665824089489,306.7405019475274,8.324740413284188
MFIP,1,false,1995,0,0.47057815479043724,0.6869659100062947,372.93075510562346,8.336245104883602
MFIP,1,false,1995,1,0.4915744953477616,0.6430355071990883,430.12019652910755,8.34114753442081
MFIP,1,false,1995,2,0.5094711686668398,0.6030493012508331,479.56009859829203,8.344076458380174
MFIP,1,false,1995,3,0.524870478354982,0.5680577975281252,524.7381347417323,8.347805363492963
MFIP,1,false,1996,0,0.5386547887618406,0.5381224895801278,564.3405155736249,8.354819521580835
MFIP,1,false,1996,1,0.5499607539619307,0.5123481214749723,596.3289439264745,8.357142276760216
MFIP,1,false,1996,2,0.5591441263050327,0.4891188929276633,625.6756501535198,8.356903149260788
MFIP,1,false,1996,3,0.5677389295089647,0.4689394349503622,655.501680303628,8.359134516005637
MFIP,1,false,1997,0,0.5753089497464581,0.45126268972863715,682.8755427157329,8.36260993282537
MFIP,1,false,1997,1,0.5818366496394521,0.4356764729849034,709.6355952272163,8.364596996701069
MFIP,1,false,1997,2,0.5874945488459332,0.4217744902286822,732.623241229355,8.365834374200073
MFIP,1,false,1997,3,0.5924701921437292,0.40981003597458454,755.7478756044397,8.367996712974826
MFIP,1,false,1998,0,0.5973010219600806,0.3995153181270151,777.9582978447877,8.377934968999357
MFIP,1,false,1998,1,0.6010948245042487,0.3907601959106426,798.2592381091675,8.380347945001983
MFIP,1,false,1998,2,0.6045088100284368,0.38336244620251214,815.0678860194138,8.377114647819436
MFIP,1,false,1998,3,0.5983055124223929,0.3744888704157648,813.5708318336541,8.338691923514684
FTP,1,true,1999,1,0.4908297111964278,0.19908001913944315,424.9168687083217,8.261678357383541
CTJF,1,false,2000,3,0.64150303627977,0.18510543743084884,839.2550232572169,8.264697208543998
CTJF,1,false,2001,0,0.630503880751347,0.18688919392519726,806.6149116919017,8.293719119765173
