δI,δθ,g₁,g₂,version,skill
0.007332048358981051,0.20839799567005887,-0.050670289640896815,-0.08024652431465285,mle,Behavioral
0.030759061715188406,0.22097446013798047,-0.045109401739216626,-0.04635792160128549,mle,Behavioral
0.03205029898783906,0.21005405113999193,-0.03570479519093728,-0.07315947639359921,mle,Behavioral
0.05434431223611488,0.11253033760643036,-0.013370499215642928,-0.026270462507160586,mle,Behavioral
0.04939833538518275,0.129831552023983,0.017949973575741573,-0.07916340340483519,mle,Behavioral
0.04717635687096374,0.11910863311585376,-0.022651164149786185,-0.044044864345854196,mle,Behavioral
0.05045664599437208,0.056528529133794705,0.021601283162165696,-0.12519483108192975,mle,Behavioral
0.02408320214610602,0.11062396710380502,-0.04171605015709856,-0.1175093565440486,mle,Behavioral
0.02717250938694972,0.0984508909411662,0.00396324328582498,-0.08296400902511492,mle,Behavioral
0.029235688676587976,0.10223596099554058,-0.041250588920119124,-0.0751523235167213,mle,Behavioral
0.025173558530147067,0.08360233731211002,-0.01432465983168707,-0.040058376548495866,mle,Behavioral
0.02971507631475436,0.07417622874082254,-0.026334229618149907,-0.1079134996829405,mle,Behavioral
0.0562892634217254,0.1676840669620463,-0.03371020419315829,-0.11761883282476604,mle,Behavioral
0.059177003171466555,0.01843300238292192,-0.0032975103246133397,-0.07124738410055653,mle,Behavioral
0.06348598086709194,0.020350537262104895,-0.05113114202036284,-0.08970482558211845,mle,Behavioral
0.06358067753396301,0.022812949905522704,0.0010033126647037705,-0.0963003207083768,mle,Behavioral
0.06946438330132206,0.018949497269351953,-0.04615654646966405,-0.012240747999758606,mle,Behavioral
0.07129358011431873,0.01954046978225472,-0.045169477422090765,-0.058116878335181754,mle,Behavioral
0.07060109088043282,0.02015245315288464,-0.01246898726404333,-0.10501202327831849,mle,Behavioral
0.07321933931002755,0.020319451687805398,-0.009652648564624888,-0.1021288976688366,mle,Behavioral
0.09608398663671965,0.01159562531047359,-0.04074033169569358,-0.04552839325086233,mle,Behavioral
0.10476685438523455,0.01992514194149947,-0.006177364086419557,-0.0962343462257349,mle,Behavioral
0.10838205638348095,0.022525829311377314,-0.057765180793151405,-0.04292864977827082,mle,Behavioral
0.07919519825304244,0.16625895727977244,-0.06145689758239281,-0.04644553177499944,mle,Behavioral
0.08784762349591138,0.11483967896690044,0.040819688652961705,-0.09803582049488346,mle,Behavioral
0.09008284313400439,0.11864144305945712,-0.009215929022417857,-0.0029074160860214082,mle,Behavioral
0.09183283321436148,0.14151642215291368,-0.016997081400488057,-0.0887760810204763,mle,Behavioral
0.038199656791049884,0.1126524516469064,-0.018712119520012394,-0.11349390753153377,mle,Behavioral
0.021660833268164353,0.07378931612651471,0.006206793958720258,-0.06141878681425883,mle,Behavioral
0.02530808348262866,0.23048882621196384,-0.0036627479310207267,-0.048001278283626325,mle,Behavioral
0.025768243756235473,0.28952854924862464,-0.023106890430702354,-0.10847957200425973,mle,Behavioral
0.008009026381419449,0.23347050555795348,-0.01611771654582439,-0.05520693676601507,mle,Behavioral
0.01018530754107542,0.2742852036627667,-0.0137280713133896,-0.0876802131264729,mle,Behavioral
0.011132715531161444,0.3789034776134764,-0.04392051306707634,-0.053614615410229494,mle,Behavioral
0.01117907808785741,0.39062457246394966,0.023772821255467314,-0.051593656235976226,mle,Behavioral
0.009003774485917632,0.4675525930784411,-0.015724975791840956,-0.04638209824513506,mle,Behavioral
0.00951405486148704,0.4629077203900166,-0.03273676623325028,-0.06525471347368716,mle,Behavioral
0.009190685482758787,0.4530496933955204,0.011105166174624426,-0.03614890654066505,mle,Behavioral
0.009655039341399756,0.4816214247502625,-0.014557968763431628,-0.06588947836905779,mle,Behavioral
0.16599492774308472,0.0685163855502912,-0.06735881361903973,-0.15341916388671728,mle,Behavioral
0.12836015656532,0.2310637335797815,-0.0313584451294715,-0.029311650734506367,mle,Behavioral
0.06543118227072135,0.051297380650537926,-0.08464118698685152,-0.0855088979587677,mle,Behavioral
0.05386861808539775,0.0646964310653716,-0.041903530985327286,-0.08239178800962721,mle,Behavioral
0.044668025636189754,0.0677338039663561,0.041747747185542305,-0.04836047814363065,mle,Behavioral
0.054849709273378636,0.08088185169846532,-0.088457166577119,-0.09315731301505714,mle,Behavioral
0.00597877320961483,0.1783200671684088,-0.007897871751549435,-0.045992350813759186,mle,Behavioral
0.005811680250733956,0.15801331340330108,-0.06868676570049281,-0.10552140791395481,mle,Behavioral
0.0493667145128541,0.14442734338207502,0.04126177701859346,-0.04886815049928961,mle,Behavioral
0.04641701261103168,0.1635865598183659,-0.008684578581277025,-0.03555080116988818,mle,Behavioral
0.047856920784737245,0.16270487416798693,-0.019245778781113554,-0.043485097899238934,mle,Behavioral
0.06266646074557942,0.12314641283517605,0.013130061527419912,-0.10621139216839803,mle,Behavioral
0.038533738674675334,0.24228094708202597,-0.0018977226475407338,-0.03809710649364506,mle,Behavioral
0.03642133194264318,0.24766731164418584,0.02080926651983983,-0.06831258065733992,mle,Behavioral
0.01829781892833946,0.25701808327089787,-0.027744069516492775,-0.07026402507479523,mle,Behavioral
0.014856453682508614,0.23608607762437622,-0.004188718516007661,-0.023235726191086936,mle,Behavioral
0.016044456339467102,0.2644116397349936,-0.015804279982257974,-0.031448379443894,mle,Behavioral
0.016374625571896034,0.25426110119035383,-0.04908904252856794,-0.051312661551994765,mle,Behavioral
0.01638171797201857,0.22692040733692562,-0.021029890578097676,-0.0036641293108565787,mle,Behavioral
0.01857798024645988,0.22363336814895007,-0.0272037815422419,-0.07756133394245124,mle,Behavioral
0.010047362891657087,0.4907434454677198,0.014665573411946742,-0.07472904401653002,mle,Behavioral
0.022267784492562007,0.2686959624312237,-0.0122737746269439,-0.07563625222450154,mle,Behavioral
0.025888377942735095,0.32525013334150593,0.009221868837653968,-0.04261327663077985,mle,Behavioral
0.0278032995712938,0.3033341046166268,-0.00689373640219082,-0.06340101257979525,mle,Behavioral
0.05388331754398107,0.2644910898842132,-0.01948368899627395,-0.05894534602954549,mle,Behavioral
0.03628028496078403,0.17448570974670263,0.012376981710396251,-0.05423363034316586,mle,Behavioral
0.038403995814206504,0.20870306115779957,-0.0428607558840155,-0.08225520557226162,mle,Behavioral
0.05176072183204269,0.16524789652249314,-0.05651176138532188,-0.05434001819365997,mle,Behavioral
0.05696008269098403,0.14842866233878638,-0.004740204096487455,-0.03588740191113704,mle,Behavioral
0.06660790661114911,0.29103618364629585,-0.03154345120484936,-0.07338662508190419,mle,Behavioral
0.07460137140300166,0.23414413157323855,-0.06991371783739653,-0.08389005628179458,mle,Behavioral
0.06833716966701435,0.25097783242239635,-0.006154004707621397,-0.054245021887994405,mle,Behavioral
0.06633767416307777,0.2704091388149226,-0.04548358183246437,-0.062400395712358225,mle,Behavioral
0.06990220159377251,0.2541776728535195,0.03134206338803747,-0.06978780148133223,mle,Behavioral
0.08109881367074095,0.2447171061243036,-0.0890372096067007,-0.06397406414622209,mle,Behavioral
0.08178916335131889,0.22700741176878456,-0.015798503969826072,-0.056024085321195516,mle,Behavioral
0.07706025052827414,0.24694754622059314,-0.007766064048584598,-0.07795640288408467,mle,Behavioral
0.07254108419811306,0.21643293592448437,-0.04000541943295488,-0.08137834016718815,mle,Behavioral
0.10798822466054256,0.24022574303850538,-0.009425524810655395,-0.12643944811342478,mle,Behavioral
0.10646264784407039,0.2383878908265821,-0.055099856965304284,-0.06595326075691155,mle,Behavioral
0.09562708661453567,0.237910732892008,-0.0008792046016536936,-0.06718079233580498,mle,Behavioral
0.053430404548205954,0.2957616195684369,-0.044753050435358155,-0.030159954883331785,mle,Behavioral
0.059370590985872634,0.3148748071881972,-0.02050481950234806,-0.020407257528904488,mle,Behavioral
0.026063791630725013,0.22542949830941858,-0.054389095389265396,-0.07306840599765985,mle,Behavioral
0.029713962163684847,0.20436852696157268,0.028334467797579865,-0.08169328941424236,mle,Behavioral
0.04754640148785616,0.2865705189421328,-0.059485317142829564,-0.0909295651955957,mle,Behavioral
0.017782670369571686,0.4419038637360841,-0.039361595477881206,-0.05296931231856905,mle,Behavioral
0.01736416729523056,0.44340631210797127,-0.013694690385793518,-0.03138206012907241,mle,Behavioral
0.011623717469199804,0.46330054348786137,-0.009909303079797427,-0.0377398028629623,mle,Behavioral
0.010261936689218924,0.47045851550358875,-0.04177899316008338,-0.043803536526404674,mle,Behavioral
0.008837196601183322,0.3081720030671621,-0.015538488028437492,-0.06444743151239729,mle,Behavioral
0.01963129030931455,0.21467316074702847,-0.028223036564790194,-0.09124788382836635,mle,Behavioral
0.020594712126084852,0.2100713395298614,-0.018719957663570375,-0.03527081801677068,mle,Behavioral
0.021042250956088724,0.20571360657998672,-0.02003093981042192,-0.06287255051982443,mle,Behavioral
0.09028968326440867,0.07378206003818645,0.004847243049129979,-0.0679434618724506,mle,Behavioral
0.0892703635966389,0.06078892388586079,-0.006893783268784537,-0.13322761645636527,mle,Behavioral
0.08567870183768454,0.06724277882276443,-0.021311503698048906,-0.0392211588912581,mle,Behavioral
0.0841602649137301,0.017235772822251878,0.00868194091363561,-0.032441562048149075,mle,Behavioral
0.014982192064934705,0.023189810652735465,-0.035816444640708545,-0.09609295873979451,mle,Behavioral
0.03906222721380798,0.012865340785052316,-0.002325757938233197,-0.09960246491362579,mle,Behavioral
0.04754023205371677,0.020326166855073772,-0.01954188977304394,-0.0687650010421268,mle,Behavioral
0.04781690120961428,0.018440241560242928,-0.026624622356747008,-0.09773604429315408,mle,Behavioral
0.021542814068165626,0.027242918798718603,-0.05207749025591113,-0.08063755533771433,mle,Behavioral
0.018869879478968142,0.027769351739285957,-0.03877339611671404,-0.07273526271796671,mle,Behavioral
0.030900847288856156,0.021620502076601905,-0.019430547263564524,-0.07790359351737286,mle,Behavioral
0.027925803625079647,0.050490987191945995,-0.024013618187358476,-0.08931999200487062,mle,Behavioral
0.022433377228638758,0.04096491362614807,0.016014021897783337,-0.07032059533981228,mle,Behavioral
0.023674916419105574,0.0352389251124798,-0.028010272708360207,-0.10145777815243306,mle,Behavioral
0.003599989132335049,0.1630344969134335,0.012358934415463985,-0.06274734422301376,mle,Behavioral
0.02701758533347933,0.2281939671896879,0.02077144541919962,-0.07587151074795062,mle,Behavioral
0.026545477564918152,0.25437398900229147,-0.022282022373619537,-0.056707782821471486,mle,Behavioral
0.022907815622137326,0.2386238336424997,-0.019997747479685746,-0.042088303764733936,mle,Behavioral
0.02633967709724718,0.22432709525294725,0.028071854048441036,-0.09299169158523979,mle,Behavioral
0.032603768282339435,0.36505972201516335,-0.04117931890739235,-0.040955200208944165,mle,Behavioral
0.03333448209644054,0.36948329372816396,-0.021605975749160233,-0.06180294744158776,mle,Behavioral
0.010962992576059049,0.2735952018511404,-0.022429364329281665,-0.05218050878584135,mle,Behavioral
0.016718443091769924,0.24822847142330676,-0.01890720829922654,-0.0663085576779261,mle,Behavioral
0.01867911709361425,0.270749962031049,0.003610941449977201,-0.08698693959542125,mle,Behavioral
0.01857690792537524,0.283482623751643,0.035095745611020135,-0.03834920125694419,mle,Behavioral
0.017357219242678187,0.31899283888767693,-0.011916745632376768,-0.07055119627131168,mle,Behavioral
0.01497355010811232,0.2935092834759863,0.022660892953322076,-0.04391977618865406,mle,Behavioral
0.02773229426660627,0.13600323589512037,-0.016902867472679217,-0.09298309435593866,mle,Behavioral
0.0386410109880831,0.26537720862451364,-0.00894344205846398,-0.05338978535789596,mle,Behavioral
0.03647573571495255,0.2652074533061689,-0.025874707944632425,-0.06769586155624618,mle,Behavioral
0.06386703626614144,0.3535242688982854,-0.009684539586928498,-0.023369002058546195,mle,Behavioral
0.01409850249323262,0.3298789486183507,-0.020758233055384157,-0.08437702689919746,mle,Behavioral
0.013125505885756011,0.34273200126150505,-0.02843855467560452,-0.045017705435721034,mle,Behavioral
0.03463069654126645,0.3112640493276099,-0.0034210583339757683,-0.09937600864343721,mle,Behavioral
0.034444836041874725,0.05777289077427527,0.0038390031893227317,-0.006497213159859516,mle,Behavioral
0.03935930481757542,0.04877597671161641,-0.039153991252989906,-0.1252840157996875,mle,Behavioral
0.05063853720929244,0.06845658819386743,-0.020177519068636185,-0.14138520303860824,mle,Behavioral
0.0662254451873785,0.05168004813322635,-0.061513023334665684,-0.09440247447132433,mle,Behavioral
0.00858209627026879,0.09256591563793026,-0.015837740714142345,-0.07934643121945051,mle,Behavioral
0.011250222666649403,0.06135223849365789,-0.03745855987811719,-0.1130699468900942,mle,Behavioral
0.004963319976007965,0.13773255960086156,0.020459955407917896,-0.024508286248149824,mle,Behavioral
0.004956864611207681,0.13854617313365325,-0.00705918256748328,-0.03920940062495171,mle,Behavioral
0.037869163944293696,0.3480161891595486,-0.056238161422337285,-0.0429102215394066,mle,Behavioral
0.035027396515660544,0.35326159698789816,0.025072437437450912,-0.048034489188632845,mle,Behavioral
0.015562286464789795,0.1544836321834446,-0.0052654922236692325,-0.08453320430903388,mle,Behavioral
0.010968847962800562,0.144165368599549,-0.010408437051230734,-0.0607968142476456,mle,Behavioral
0.00967625975229714,0.17931922237023445,-0.0086297756280167,-0.0868435748949572,mle,Behavioral
0.009725364677775284,0.1891087033138895,0.0012833992115788284,-0.05301765624879584,mle,Behavioral
0.00984568278870418,0.18629171771553038,-0.014794976317993536,-0.03165282747189302,mle,Behavioral
0.0023750477182707,0.09849323092287597,-0.050469356861578385,-0.059670967221107096,mle,Behavioral
0.002869134660832403,0.11338237705496505,-0.027846665117860603,-0.049836535777228574,mle,Behavioral
0.003725774005158536,0.05482720921993738,-0.007280990325732706,-0.05750212624193285,mle,Behavioral
0.00603101673672439,0.07191368778495133,-0.003054507203973378,-0.05480014506212427,mle,Behavioral
0.006689511070529257,0.08408467797439852,-0.013012285202347762,-0.11406336781402526,mle,Behavioral
0.005767269077057539,0.13347407448477053,-0.054502174047687646,-0.08865168910544274,mle,Behavioral
0.008140663888668749,0.21728485086525678,-0.0020284178155658417,-0.047067651805776656,mle,Behavioral
0.00991301519975209,0.1992702315327278,0.01136687299710415,-0.14398682691441045,mle,Behavioral
0.01750413657780554,0.25158437174270193,0.030659382877753494,-0.0782646300839811,mle,Behavioral
0.016369924449347113,0.20318685177200307,0.04815287843281579,-0.04710811458409592,mle,Behavioral
0.015431073629926184,0.18679707017549263,-0.002203012913057467,-0.09684278971852489,mle,Behavioral
0.01778747391038215,0.5142097191553201,0.009350421132246822,-0.07483725966884291,mle,Behavioral
0.01847433328356091,0.4790669430753239,-0.012675265826171511,-0.04927363612322755,mle,Behavioral
0.08046659880650613,0.22302479734784617,-0.02884014496864018,-0.07495094188025098,mle,Behavioral
0.03401713084720131,0.17139590115726408,-0.029098118428806385,-0.05864772799084572,mle,Behavioral
0.03213459225867653,0.17069885423728104,0.005576471631793645,-0.074270099617739,mle,Behavioral
0.025206235248175002,0.1955807228172199,0.01903536174353082,-0.0637265510721794,mle,Behavioral
0.0263722220236835,0.3592353876755321,-0.011229280860536317,-0.03674350649600022,mle,Behavioral
0.028483305568478515,0.3494751434556193,-0.023395231423109397,-0.06225431827678518,mle,Behavioral
0.026232404331246562,0.3488653218035025,0.015664248559458915,-0.059202901771003624,mle,Behavioral
0.02699287667841884,0.3268110917230777,-0.002291280729292522,-0.03919158103704046,mle,Behavioral
0.024057001318133826,0.3125069155631075,-0.03823979521260923,-0.061440669363245215,mle,Behavioral
0.02449283504577089,0.2973240422994209,-0.030794375643911742,-0.06534442211463265,mle,Behavioral
0.02368041730556171,0.4062245162429513,-0.015321483038247541,-0.04924031911042559,mle,Behavioral
0.028628045038878086,0.23749301033062944,-0.03489247275095497,-0.06302504728332003,mle,Behavioral
0.0195352065868232,0.3498815777431267,0.023384506744600575,-0.057418195143949635,mle,Behavioral
0.02085843907644888,0.35139453295418077,-0.023813515164439192,-0.0461177555986676,mle,Behavioral
0.022876237763868188,0.38462939655927736,0.022970984667165073,-0.05108925813827758,mle,Behavioral
0.025419163553559755,0.3615902463598133,-0.0056447660985241566,-0.035618994208246546,mle,Behavioral
0.019750761721190394,0.4602329435139593,-0.04419554021676264,-0.04648168253301388,mle,Behavioral
0.008441378699304291,0.47361940654452145,-1.6883163256986577e-5,-0.045813386651380794,mle,Behavioral
0.009279131486307653,0.439081998521358,-0.002521057575367136,-0.05334592824473172,mle,Behavioral
0.01826179478637486,0.2976481296376134,0.06460580773270053,-0.04269429658025392,mle,Behavioral
0.03749062842714178,0.11674431595779942,-0.059812751504724426,-0.11941311336406746,mle,Behavioral
0.02193677585878806,0.030930801292209546,-0.07276217891794978,-0.11908638938130145,mle,Behavioral
0.018969941253895076,0.029361595322634274,0.0020878474335748187,-0.061381564164363134,mle,Behavioral
0.02153411765067733,0.027791476393775355,-0.037878225940500165,-0.09515884534305608,mle,Behavioral
0.021530201986154223,0.02249176332554318,0.046944934710343666,-0.05843393847972256,mle,Behavioral
0.02825682500205718,0.025096260277522705,-0.03400095760904831,-0.0635634817398607,mle,Behavioral
0.02369434437875092,0.028080431164509836,0.003561959676381843,-0.07943863440189047,mle,Behavioral
0.02516353173234833,0.029169326901753775,-0.04553927820810122,-0.08973213871252561,mle,Behavioral
0.005185186849871969,0.09008383401537273,-0.02822794355934355,-0.016796103892716685,mle,Behavioral
0.005052925806141328,0.09723711205709418,-0.05461842033852671,-0.07464824567794714,mle,Behavioral
0.03542888820665169,0.015334018298150173,-0.029647120610082345,-0.11471563113476169,mle,Behavioral
0.03459323232593662,0.019549781664584296,-0.011668929476712497,-0.03936853273170682,mle,Behavioral
0.07286988448186309,0.009432929217420253,0.007376280096262899,-0.06965804949165899,mle,Behavioral
0.0757571314495546,0.012189933277476054,-0.007887419390914197,-0.05737655368602734,mle,Behavioral
0.07593856156422163,0.012145314721549902,0.029611082891961793,-0.07207386833660046,mle,Behavioral
0.07839104256988459,0.012539902938041204,-0.007914517360928963,-0.10244843555650252,mle,Behavioral
0.12994524173005417,0.02082560270633273,-0.07076518490818273,-0.10192808024793476,mle,Behavioral
0.12111892909353458,0.022090070619322708,-0.04269569823964381,-0.049715726674808725,mle,Behavioral
0.10042794164129223,0.02067283690243195,-0.027306289463416622,-0.08919541672037412,mle,Behavioral
0.09221760198673495,0.06476983183661102,-0.03864796724236008,-0.08635152309009086,mle,Behavioral
0.08143294061661362,0.12815439428699132,-0.019100354671932163,-0.10378463010485461,mle,Behavioral
0.07142535252044624,0.1503714300282714,-0.026682176510862243,-0.05610260437751813,mle,Behavioral
0.07214790891719591,0.15429841867129418,-0.0401732873713021,-0.05266177599554722,mle,Behavioral
0.0742269741779106,0.1425642009683661,-0.028527609811212606,-0.07056853724966894,mle,Behavioral
0.05388037925300622,0.057777564124539424,-0.014865545235638988,-0.04394875562360112,mle,Behavioral
0.030238081942777432,0.2295013294516239,0.01760936637162569,-0.11686070678918292,mle,Behavioral
0.08456716455475695,0.0627075501016541,-0.027082999350404924,-0.1187925018785867,mle,Behavioral
0.09179201351088576,0.05577290751044816,-0.015910333119260267,-0.11253311210270178,mle,Behavioral
0.12781056956663828,0.027828405539762395,-0.06269695707379119,-0.08313063278988486,mle,Behavioral
0.12375421649766094,0.03540862217042645,-0.06758190509531525,-0.03883016407593787,mle,Behavioral
0.12484534524068854,0.045899769701529675,-0.10500699337889174,-0.07123290922194325,mle,Behavioral
0.04657735204891679,0.1427978278310889,-0.041053511095330286,-0.06360267241537576,mle,Behavioral
0.06694884941744125,0.053396009511937195,-0.032972975692506123,-0.06267445183501374,mle,Behavioral
0.015342098552732397,0.17896643037018575,-0.029667529998742337,-0.05041283468446478,mle,Behavioral
0.01573480792216685,0.18120678795267253,-0.03285897525087922,-0.09823093148127682,mle,Behavioral
0.014090973059432351,0.17990855614233398,0.0200272489171347,-0.08463808243552084,mle,Behavioral
0.013147734113474068,0.16050371111328687,-0.012687632647327751,-0.10231318780967902,mle,Behavioral
0.08740055783885357,0.06652820014281008,-0.08603724331226403,-0.04024219947303598,mle,Behavioral
0.07892601437568109,0.06601294013793255,-0.017544335971729108,-0.09214577825148917,mle,Behavioral
0.08034318518889347,0.06583686572225947,-0.02238236746058031,-0.062140435914444625,mle,Behavioral
0.08117585438144276,0.12274203489705213,0.024948460802843186,-0.0905453204099893,mle,Behavioral
0.08806952679181786,0.13804726918662427,-0.04744702026759984,-0.10784223290066075,mle,Behavioral
0.08240510248600519,0.13624821623722674,-0.008077093315918882,-0.05629124138434438,mle,Behavioral
0.08578952119805246,0.16684213442176238,-0.054419708616062046,-0.07553424726647728,mle,Behavioral
0.08058918878461427,0.16711139450121065,-0.04094421387976199,-0.08807832892326561,mle,Behavioral
0.05579255864058009,0.29849214043985395,-0.03700071795763882,-0.0965353478800608,mle,Behavioral
0.05833717546491465,0.21596923336747853,0.005198325814582461,-0.044264456730807034,mle,Behavioral
0.046152283167535973,0.29770906203187664,-0.07392951521198299,-0.027245108355252956,mle,Behavioral
0.059254574030528556,0.2419348704781335,0.0067488153954369245,-0.01631585631061805,mle,Behavioral
0.018435940300972457,0.305709610572787,-0.0621229540293784,-0.004991337839813648,mle,Behavioral
0.016486219346231908,0.3302905496161826,-0.00861329950400802,-0.0011337381202196628,mle,Behavioral
0.016529460495560575,0.33774162148532233,0.04161955758391933,-0.08086047140146935,mle,Behavioral
0.02042382453944766,0.34786109808831306,-0.011639104022128866,-0.0975164293448223,mle,Behavioral
0.02417621570776747,0.2185794479911208,0.02850188398657183,-0.11382994863480089,mle,Behavioral
0.018600032712777468,0.18172739835172652,-0.04698147629365956,0.009093539779799986,mle,Behavioral
0.06548805061963242,0.02050072803823255,-0.014442071068707207,-0.02383592019022318,mle,Behavioral
0.0712670881341696,0.02946900248344105,-0.013285455183549066,-0.045470354869027174,mle,Behavioral
0.06507415537067285,0.029271594604912254,0.024918895396592422,-0.05645147136912132,mle,Behavioral
0.07202085006993685,0.03241146616732074,-0.02925042904730657,-0.10961241013115441,mle,Behavioral
0.06477423661956505,0.06968396712247894,-0.12072507314273762,-0.06668987827639294,mle,Behavioral
0.05704991662633938,0.06264147217697512,-0.00618867393405198,-0.0029584434473604038,mle,Behavioral
0.05977724096298919,0.0653382370025049,-0.01542364105003946,-0.14307153128025596,mle,Behavioral
0.09153817277160756,0.05917815780121632,-0.044365980109323244,0.011933130160750594,mle,Behavioral
0.09314906192810604,0.057897702843368155,-0.029821808023339447,-0.018963157439814582,mle,Behavioral
0.09256187992867894,0.06187114731631061,0.0027085451759103485,-0.13340232625049353,mle,Behavioral
0.0918608179086286,0.07587510328204719,-0.02226044437401198,-0.046703519623128686,mle,Behavioral
0.04651404380140437,0.1782864660021479,-0.01677704811108449,-0.029742137217904308,mle,Behavioral
0.04546172762429976,0.18398171406248529,0.007238340779743169,-0.07238781007503281,mle,Behavioral
0.04126048268717452,0.27990080164054953,-0.03683569156906863,-0.07351705728249103,mle,Behavioral
0.04688130628000778,0.1475840975204527,-0.041686630206306585,-0.06728329884955664,mle,Behavioral
0.037996890555090077,0.25661836604048277,-0.002914446474839183,-0.0579379076178177,mle,Behavioral
0.035995538162779075,0.2841029014289123,0.0158955675995216,-0.0513330982394109,mle,Behavioral
0.037040667855970405,0.28505179663815144,-0.014649979263189783,-0.03447915520347222,mle,Behavioral
0.04419779075133248,0.3536798375363284,-0.06181125493853057,-0.04589611965303941,mle,Behavioral
0.043433884891021395,0.3511579866532013,-0.052976545577938294,-0.050523609152694604,mle,Behavioral
0.06101324496602585,0.25325023270582514,-0.02164030337001721,-0.08033935692678318,mle,Behavioral
0.0540221029645246,0.2775617246244284,-0.007060768007521423,-0.07007633784696576,mle,Behavioral
0.06038342694145307,0.2552269189645339,-0.05664182419596586,-0.06199987044958477,mle,Behavioral
0.056736703893722804,0.23335303472770774,0.009454223178104737,-0.07596194389197786,mle,Behavioral
0.05531678684242006,0.22180866035690494,-0.01851126555189886,-0.0540981521755286,mle,Behavioral
0.0708663936297629,0.21273748159788092,-0.007915751308904762,-0.09303845262316468,mle,Behavioral
0.05694825917491,0.44044690372056683,-0.009344310125853017,-0.0643257233938741,mle,Behavioral
0.07871905226364626,0.3018571981502579,-0.04632811829908268,-0.029433003300501026,mle,Behavioral
0.08405335384124094,0.30611719933461395,-0.03300326768581141,-0.02699981080420577,mle,Behavioral
0.0545945760729554,0.19856027569123566,-0.041989489158571036,-0.07504408607116098,mle,Behavioral
0.03453740328825939,0.13885562151170153,-0.036810701218007225,-0.07770299854311302,mle,Behavioral
0.03491773400743606,0.136702968687318,-0.023257690233384753,-0.076130438217338,mle,Behavioral
0.07621989487290104,0.010477410734485548,-0.04908664798217299,-0.06580071037776936,mle,Behavioral
0.07242329984038924,0.016196610304562,-0.010817707682381661,-0.0578757648825694,mle,Behavioral
0.03671505388553399,0.09388001977031955,0.022292326267324913,-0.09157863000893895,mle,Behavioral
0.040611150822670326,0.08407581519541375,-0.05710681346423385,-0.08317187977052876,mle,Behavioral
0.0403654100743763,0.09106223961307068,-0.009356444514433848,-0.09596795284163684,mle,Behavioral
0.04176104915495432,0.09167598307743474,-0.05101659034081374,-0.04088621248464741,mle,Behavioral
0.017182558114993186,0.4832061793986168,-0.027089772582819416,-0.04918104186147487,mle,Behavioral
0.05215367654037545,0.3094635966979549,-0.0486240149481576,-0.045959740804942806,mle,Behavioral
0.03639278052194739,0.24663885017458348,-0.019796843613339332,-0.033833928304409566,mle,Behavioral
0.03696825441828913,0.24996170958667227,-0.028191722703628797,-0.05931488178671418,mle,Behavioral
0.0279111023209821,0.3406684511752747,-0.012985808420026945,-0.04271292559782136,mle,Behavioral
0.01049671746420615,0.15478255685317088,-0.011639371351624739,-0.049014167340344805,mle,Behavioral
0.010370309194327371,0.15662789850861086,-0.0019528574989633452,-0.044616621821394586,mle,Behavioral
0.010370217346830798,0.1628848264212122,-0.0253446007956859,-0.07634783792797095,mle,Behavioral
0.009846471878795091,0.18079931805008095,0.009636175426894322,-0.08519064332710813,mle,Behavioral
0.014015966404252444,0.18993516165779614,0.02450719455818806,-0.06819329749945124,mle,Behavioral
0.013826275966161034,0.18993734209060664,-0.018387210601439996,-0.04871947709472679,mle,Behavioral
0.009867440547052242,0.18095610858724714,0.0067652412651502125,-0.06658294915849283,mle,Behavioral
0.009658156972273912,0.16779793289624953,0.0063208302193196175,-0.04264935302348549,mle,Behavioral
0.00641314774394207,0.25150354274064707,-0.01150017874902276,-0.02791841358109548,mle,Behavioral
0.005092510196520522,0.25826786679937525,-0.0017098057467010985,-0.10199855623986886,mle,Behavioral
0.00464496187337801,0.2334726782821383,-0.02157210839200463,-0.11779910501309931,mle,Behavioral
0.002965793537483542,0.11779442522009259,0.018118387279840498,-0.057598238721096484,mle,Behavioral
0.04749877630210989,0.08842409577276099,-0.003750250805246935,-0.09456355029043784,mle,Behavioral
0.04921509357801728,0.11600985905562365,-0.013688656095381724,-0.1519357148667384,mle,Behavioral
0.05264064787076627,0.09616448804966726,-0.019526329277121723,-0.11640823917614229,mle,Behavioral
0.05440948757900772,0.042993171276564046,-0.06446903653617775,-0.07217379581476724,mle,Behavioral
0.030458363924749834,0.22102235427183958,0.003694890929491379,-0.08011711153488887,mle,Behavioral
0.02379671729232421,0.09975828401092873,-0.018746312576834567,-0.07053185725444755,mle,Behavioral
0.02631136945761363,0.10809701369445329,-0.0035938621001940785,-0.11306320572653061,mle,Behavioral
0.027760231097535646,0.10481136265304203,-0.048260575959545804,-0.08069065323278224,mle,Behavioral
0.021637234601727933,0.09935656172204967,-0.0020561928217377456,-0.06540843694506249,mle,Behavioral
0.026617584625633524,0.14749562262319807,-0.03418581317252767,-0.059327796358025875,mle,Behavioral
0.02405392141379937,0.1467982641120724,-0.042119208488494486,-0.04801986775028033,mle,Behavioral
0.016643420614065433,0.19678104515546968,-0.02039845504504978,-0.05184893670582302,mle,Behavioral
0.017278124933349244,0.20825411690636803,-0.01165289274248349,-0.09815669037430697,mle,Behavioral
0.019651019815425608,0.20074369811461637,-0.01622544819576488,-0.05792012360762899,mle,Behavioral
0.019913142591923033,0.12682918747889035,-0.04778276721128916,-0.07089492631561667,mle,Behavioral
0.013838571248541019,0.027879401302575043,-0.004012143061745466,-0.06973328034048887,mle,Behavioral
0.07548452826188541,0.2523074105230938,-0.03013530782669882,-0.08859847638103302,mle,Behavioral
0.07703350398493469,0.2525493174499039,-0.05307351952393313,-0.06997471404492961,mle,Behavioral
0.057927363976236726,0.3911006427303418,-0.03731456940011535,-0.048417199507209796,mle,Behavioral
0.05630251512300534,0.44589158199550494,-0.027827092534825626,-0.044883797505530953,mle,Behavioral
0.062068770311629225,0.3047687873682109,-0.015539806161643188,-0.05456530082954636,mle,Behavioral
0.06561097523103018,0.3064842877429189,-0.057807862277097444,-0.05103958704913092,mle,Behavioral
0.05479594313908702,0.3842187266944009,-0.05896511627320766,-0.06944293315964001,mle,Behavioral
0.004494517158159511,0.2667122050625511,-0.055034663052369925,-0.050863225411096336,mle,Behavioral
0.0046884857620368686,0.2512616614803362,-0.0304170612176915,-0.0938974589984174,mle,Behavioral
0.004146337844514133,0.22418281041838295,0.020224689104075377,-0.004761842933517668,mle,Behavioral
0.004089996505452478,0.2688114611369153,-0.03192368651779387,-0.04960534500725622,mle,Behavioral
0.0024169280589055263,0.058924922507155995,0.009136659952094117,-0.05212629419967785,mle,Behavioral
0.0025549513360801973,0.06227163299459228,-0.0363025367343488,-0.06006208469083352,mle,Behavioral
0.02001588196483336,0.005507933560297557,-0.061086861825769834,-0.08114048357994919,mle,Behavioral
0.01919599032965242,0.008444270126319887,-0.013548333081311092,-0.08321682495824678,mle,Behavioral
0.021164312265153667,0.00801093073869666,0.02005404558028978,-0.13505646330288612,mle,Behavioral
0.00640006039822589,0.005464209780635474,0.011232231032333395,-0.0245913258659487,mle,Behavioral
0.00648653935730525,0.005624490014141326,0.0267918797086657,-0.11332843649884872,mle,Behavioral
0.0053736775138822305,0.0011278734263384085,-0.005612982952399648,-0.02681513109588307,mle,Behavioral
0.1357821007936758,0.0024136456076141286,0.009588784218115709,-0.1127930966637205,mle,Behavioral
0.0897304327652981,0.0019832462872603407,0.04327895848951169,-0.08774231515110054,mle,Behavioral
0.09901994127119036,0.002812573742308051,-0.04888895880654176,-0.06429177087921811,mle,Behavioral
0.08569205272464403,0.00239839220319519,-0.1127497845618497,-0.06399959671607203,mle,Behavioral
0.0724716938732475,0.002409265666379744,0.07869358509235891,-0.08835162755542014,mle,Behavioral
0.1189499902078246,0.029856086983200456,-0.015141190831499562,-0.09618183252159107,mle,Behavioral
0.12610229440469845,0.03463179162937013,-0.04110790982067436,-0.09860671891838768,mle,Behavioral
0.08156937839809299,0.005607810828978152,-0.038393834509165226,-0.09588666379648747,mle,Behavioral
0.06831634787280728,0.006528835705281365,0.03369928540674483,-0.07876213502969942,mle,Behavioral
0.0717564989705425,0.006131419616567595,-0.047649148873207814,-0.07511503462365643,mle,Behavioral
0.06092040540245418,0.006718409943075573,0.019171021474793548,-0.08414058991838846,mle,Behavioral
0.07388349266048964,0.006405139761967278,-0.07811132197784998,-0.10166968377855712,mle,Behavioral
0.07524235887712612,0.0061001881044241415,-0.11681089225158159,-0.05908908422270298,mle,Behavioral
0.06679229553186086,0.006353225255506694,0.03414499075109578,-0.11195255334469056,mle,Behavioral
0.008016360865204493,0.0019075515597892453,-0.052806190000722175,-0.06490619283422272,mle,Behavioral
0.009529446655011823,0.0026138033685978177,0.007686184086432402,-0.08462595765961178,mle,Behavioral
0.009984235078382338,0.003139881708366733,-0.05267685246701781,-0.1109208230024965,mle,Behavioral
0.004342483184446476,0.004121967909516945,-0.009951025040140005,-0.026087472220840846,mle,Behavioral
0.04314236309277094,0.0015563010266225318,-0.022992609788155427,-0.08522921506396308,mle,Behavioral
0.043680119000110956,0.0016450552939035001,-0.027280968877192224,-0.11303652808946651,mle,Behavioral
0.039270374539787455,0.0015448467850679001,-0.045953031350583595,-0.09016788234093376,mle,Behavioral
0.03143138204763625,0.001553347859535189,0.054945122338167174,-0.11783697251002034,mle,Behavioral
0.03700855775677449,0.0015178047873556728,-0.051729523988168546,-0.04704004931618089,mle,Behavioral
0.013958833798478391,0.005574222784757609,-0.023023419171062764,-0.04890974758817568,mle,Behavioral
0.07737021025805901,0.005826032481813385,9.411752455257272e-5,-0.08675470008782304,mle,Behavioral
0.08281316954705811,0.04326584997643473,-0.02045267069609924,-0.049254994640614225,mle,Behavioral
0.0970225012479828,0.04784096704983878,-0.03377125264433567,-0.12090310533546833,mle,Behavioral
0.09858737795359224,0.04744988592821408,-0.02830211960386042,-0.11110126709890089,mle,Behavioral
0.10841679995581575,0.061971871436881924,-0.048117197213042084,-0.07969459225624753,mle,Behavioral
0.11045784711871592,0.06227940089335882,-0.04255644470271802,-0.0751373611263122,mle,Behavioral
0.1128566017441079,0.06366098855123238,-0.04070108005944628,-0.06891180445759493,mle,Behavioral
0.12688509081898003,0.01902982945300499,-0.051770437911594414,-0.12689323076699766,mle,Behavioral
0.12450621948513066,0.019964345042305785,-0.006668717625856857,-0.06523310000873539,mle,Behavioral
0.128779991979254,0.02157712271846196,-0.0363794975515086,-0.11014118445807397,mle,Behavioral
0.034293238925522045,0.07095965238976572,-0.046526206447930596,-0.026954374175246043,mle,Behavioral
0.024421971796947453,0.12504597652901894,-0.03424069972290322,-0.016757253643252756,mle,Behavioral
0.023562405263996184,0.12293058061373816,-0.03554889444374032,-0.0842098260343438,mle,Behavioral
0.022510213624718854,0.11027958702067998,0.029924144056046043,-0.05755499100062744,mle,Behavioral
0.031217652775748922,0.12503632560453315,-0.030238724928085547,-0.06088194346564779,mle,Behavioral
0.026801948649681984,0.13866755128532482,-0.019850603391648347,-0.05056648109998352,mle,Behavioral
0.015864001558653834,0.2319483593632249,-0.0157381633539575,-0.057602490529349515,mle,Behavioral
0.017354378574714488,0.1843212764010383,-0.016907590656411564,-0.06932500436610489,mle,Behavioral
0.030158325575325225,0.017404724459352663,-0.04841420449757794,-0.12737837633469717,mle,Behavioral
0.030756870666716642,0.014947799960125045,-0.019340152325995508,-0.05177709680889575,mle,Behavioral
0.07476829558052846,0.04048038299587992,-0.08404412620017121,-0.08159317956915513,mle,Behavioral
0.023623751151400522,0.12794219367498844,-0.037244650957021674,-0.048424258694000466,mle,Behavioral
0.08307266377052253,0.10298542893266732,-0.046411657503679704,-0.10794030376686048,mle,Behavioral
0.06164490227879163,0.0034294267339881673,-0.016836018853923385,-0.07249263659089267,mle,Behavioral
0.0334371115852961,0.0016859089126328513,-0.05235343748268817,-0.07200943539990323,mle,Behavioral
0.03094807989312659,0.001581391130964787,0.008488821711282402,-0.1056854424827014,mle,Behavioral
0.03543265231614506,0.0015819764865198436,0.00661507752888113,-0.08880322824470555,mle,Behavioral
0.03697902311710493,0.0018497243633127471,-0.040296920845157125,-0.11350955492683745,mle,Behavioral
0.004183763733835387,0.0004966248506974887,0.003041300255986812,-0.04024749048073195,mle,Behavioral
0.021522668663401388,0.003263536944707421,-0.007889096669671192,-0.08137842820954022,mle,Behavioral
0.018103588619645984,0.002256687815914865,-0.0019590313995272446,-0.07903938408098132,mle,Behavioral
0.08507555160200297,0.0003166702926622592,-0.04744018733989286,-0.09296606437737331,mle,Behavioral
0.1072948857466703,0.0001694915051207534,-0.021973297416512105,-0.09691038006401032,mle,Behavioral
0.01799710440752952,0.0011227645040482923,-0.026873550497557464,-0.05131041881398524,mle,Behavioral
0.041051075020702106,0.006785784909601351,-0.02877561950200347,-0.08829837279686115,mle,Behavioral
0.02771372109124759,0.2953295877897263,-0.02582471238730899,-0.04265901043377296,mle,Behavioral
0.05005590636089412,0.060732057492756265,-0.026441083910377916,-0.04662614684599009,mle,Behavioral
0.0472654805465874,0.08660840860412654,-0.023584091076355174,-0.12531031265374892,mle,Behavioral
0.0326999962577671,0.10377198396063957,-0.03095995849279043,-0.05566133629497694,mle,Behavioral
0.033813504833332106,0.05487665572124357,-0.014914735534269585,-0.0748668971853863,mle,Behavioral
0.035477815481602996,0.05459091371045222,-0.04138890113341587,-0.04118888345074101,mle,Behavioral
0.030089048472196973,0.0733453896119029,-0.008954851573395928,-0.060159627704903906,mle,Behavioral
0.02917278605840768,0.07355100089478912,-0.033799598642646034,-0.11194369051839748,mle,Behavioral
0.029801217538493772,0.05627741450752983,0.019800924952019905,-0.10164770155972613,mle,Behavioral
0.04206682037072216,0.038510323659776476,-0.025904231816367362,-0.11007393151535316,mle,Behavioral
0.04580504162483131,0.023950216880097915,-0.030075449204882032,-0.09772394704395282,mle,Behavioral
0.03509080191313519,0.01926427671331162,-0.006530796392927529,-0.06740904809033466,mle,Behavioral
0.03576918477221343,0.024898620476294434,-0.008754520346154093,-0.0666726085635585,mle,Behavioral
0.03679675382920781,0.026186519847303254,-0.04474797830898525,-0.09445756674470385,mle,Behavioral
0.046532155464438334,0.013607595772468204,-0.07426318999825399,-0.07929616937909234,mle,Behavioral
0.04577557508002716,0.013611947826252026,0.03127040023799443,-0.10462797742568086,mle,Behavioral
0.014033527773990185,0.32984531690880164,-0.05925744361396057,-0.027427715069218817,mle,Behavioral
0.015651045982759876,0.2920775249011527,-0.04364579984474659,-0.015886962543867122,mle,Behavioral
0.012496682149133144,0.3603678175035336,-0.015953074791837052,-0.029731419007370974,mle,Behavioral
0.010275380884305175,0.30960337655712883,-0.02584304153242667,-0.05048534809081273,mle,Behavioral
0.010029440285238396,0.3125148360046943,-0.012279009493217252,-0.08176415143860138,mle,Behavioral
0.054607834221983724,0.12313472145918994,-0.004490465018434975,-0.00825570133185094,mle,Cognitive
0.059224342213368295,0.13854167261588,-0.08894018569482243,-0.09629672519530041,mle,Cognitive
0.025537338856100197,0.09837832877511361,0.02709911042869173,0.008618757697301582,mle,Cognitive
0.026100589664538806,0.11443220138729596,-0.047677471250478165,-0.02543967991792706,mle,Cognitive
0.026974115815235178,0.12082919131219196,-0.04694450401720762,-0.038844830970218513,mle,Cognitive
0.0373784360248582,0.07873350565188529,-0.03932227340989569,-0.1714786154682535,mle,Cognitive
0.021595800834848817,0.17561212993330058,-0.010851497125028864,-0.05811051011026591,mle,Cognitive
0.018633083305223994,0.18882911048325401,0.006129821121871881,-0.08632472074798603,mle,Cognitive
0.02034001940939823,0.1892442634894227,-0.020330276401343994,-0.01596828710830378,mle,Cognitive
0.01875467162011223,0.16609552669010796,-0.02956033837025651,-0.04588220769914453,mle,Cognitive
0.017490424389005443,0.19792061858681728,-0.02910422173436178,0.00811446143772443,mle,Cognitive
0.015791132944357418,0.18399555493194997,0.03740920274428028,-0.0630443342283733,mle,Cognitive
0.015186200431244775,0.18049692582110788,0.003378652910425828,-0.1173392226790968,mle,Cognitive
0.014007785777886621,0.17011687640653175,-0.024734622581814136,-0.07756315102511202,mle,Cognitive
0.012360304538454252,0.1881379477519153,-0.012469875910301909,-0.03351087533049468,mle,Cognitive
0.008246248010238098,0.33258268991862366,-0.0038214465637127493,-0.0349520661334044,mle,Cognitive
0.00813349179678399,0.3325249933019045,-0.01623598814511329,-0.05257783332263699,mle,Cognitive
0.006588052676264413,0.3509295938240976,-0.01438563972818474,-0.04300282950550183,mle,Cognitive
0.003936955051597536,0.0759386806427618,-0.0703492191592523,-0.054399263267725484,mle,Cognitive
0.003886618784100547,0.14350734944232285,-0.04100607765850839,-0.07386716312307406,mle,Cognitive
0.003972020087389368,0.13304184389467,-0.01931433292804874,-0.058538976370728024,mle,Cognitive
0.0039190182663165745,0.12286385962304246,0.02266926871538022,-0.05195398829599207,mle,Cognitive
0.00407170083590931,0.10392325975221282,0.03689430039882602,-0.01769045609244957,mle,Cognitive
0.019238286614583454,0.01906622222793859,-0.06181442960161165,-0.07308124968021557,mle,Cognitive
0.05933448071391333,0.03351221743291423,-0.0237942957876911,-0.06110235742844794,mle,Cognitive
0.0566219267166757,0.034597314736970336,0.024720740619945225,-0.055608375409399446,mle,Cognitive
0.056303458090181446,0.03128961007819721,0.07198540449730118,0.0026023399524803814,mle,Cognitive
0.06835779295107423,0.026386561371330386,-0.1136427901829562,-0.07745664364099958,mle,Cognitive
0.05448147018519664,0.02768151321872134,0.015948496079167374,-0.06855524472738339,mle,Cognitive
0.026852285748183033,0.005631875744324075,-0.05223284553670893,0.019295402689759822,mle,Cognitive
0.0860549414785807,0.009124827025424184,-0.03925519965510449,-0.100348152365908,mle,Cognitive
0.01237329609891584,0.0005875600918610372,-0.027981091910723066,-0.02743468246470404,mle,Cognitive
0.014837019320753812,0.0005366498754852273,-0.006133877942696708,-0.08465322925184315,mle,Cognitive
0.014578629881764137,0.0005195066089827534,-0.022264085032583036,-0.03704179769910887,mle,Cognitive
0.014617004378236511,0.0004663485577929686,0.010581911449181192,-0.0806711139922538,mle,Cognitive
0.014220561775266451,0.00039158026744344097,0.01732191386913806,-0.03869180921299731,mle,Cognitive
0.017470616893824724,0.0005247991825295872,0.0006309232578831647,-0.09374269966227344,mle,Cognitive
0.01902641999103022,0.0006462980590032195,-0.05867932973557255,-0.04507542578893098,mle,Cognitive
0.017010299133072632,0.0005304855993216321,0.021738678937738065,-0.015997689816759975,mle,Cognitive
0.019438497870337093,0.000527243110177563,-0.004419567484322817,-0.07717147040029348,mle,Cognitive
0.008129448799612398,0.0013116430915039458,-0.055615352078361324,-0.07709633471139732,mle,Cognitive
0.007553566979764597,0.0013215980351844615,-0.0750694539301262,-0.07585708979147054,mle,Cognitive
0.006161666897432827,0.001269062509825555,-0.044710598334392504,-0.0906489518316167,mle,Cognitive
0.04185753430508217,0.007424107119811645,-0.041311697983622775,-0.06355352912310996,mle,Cognitive
0.022723583238619546,0.0023209028487356778,0.0020688504052035483,-0.0582696737936752,mle,Cognitive
0.06349917337702038,0.08177308943666199,-0.0016189979329164217,-0.08437509286860556,mle,Cognitive
0.08278947305640018,0.057065359027152346,0.025851849026539142,-0.07087440787016241,mle,Cognitive
0.09789191015265167,0.050622546391408924,-0.11126886472396635,-0.08995408468273358,mle,Cognitive
0.057745521039301244,0.12215954178163638,-0.021804218339193326,-0.07535195731354283,mle,Cognitive
0.09030972853514217,0.059953941736419845,-0.023949329806645547,-0.06341408914257984,mle,Cognitive
0.08511597885452998,0.053705854322057475,-0.012028883268010881,-0.04612591937653243,mle,Cognitive
0.10099514053528222,0.02378126425553148,-0.0021661605924381266,-0.04843584041673887,mle,Cognitive
0.07343176302503504,0.025290771330690385,-0.03258023843778379,-0.023820364570739327,mle,Cognitive
0.04714336068800223,0.020908273442437886,-0.044293886497935864,-0.049690473196693175,mle,Cognitive
0.04809269402258448,0.016120555961907652,-0.0607488545258732,0.005832278598675078,mle,Cognitive
0.05140103468767002,0.022614745090737264,-0.06998815974361561,-0.08402750183181529,mle,Cognitive
0.09203941450865247,0.03634899853555992,0.0012715988666980316,-0.027151307203012287,mle,Cognitive
0.041036616245725625,0.018677523460492076,0.001359220758914148,-0.007265073809535005,mle,Cognitive
0.04650534329921382,0.020804073566480757,-0.06211069028164373,-0.08822529333458862,mle,Cognitive
0.05013443116439061,0.015613830473555423,0.0392141946833946,-0.04929937600409273,mle,Cognitive
0.052611372389017017,0.019413165619095906,-0.040834572794964163,-0.06265542608492525,mle,Cognitive
0.061989730711687674,0.04885609378629444,-0.03273995861914103,-0.053521369939191876,mle,Cognitive
0.05865337194340489,0.04588439888170338,-0.040475387569595345,-0.05498050441210567,mle,Cognitive
0.06362021501561047,0.16576837217553878,0.013898614039169033,-0.057721868492044415,mle,Cognitive
0.06366906938011864,0.11728452513626102,-0.03655230996621617,-0.05215998286478829,mle,Cognitive
0.07109986010955863,0.1068817976935471,-0.09617583740563296,-0.07192076319871332,mle,Cognitive
0.0728601450517138,0.11630708362635848,-0.031319641379720986,-0.032708035019929804,mle,Cognitive
0.06013371367010669,0.2592226893931164,-0.03317314999589582,-0.07400962690354285,mle,Cognitive
0.055171035142363975,0.3083737959138237,-0.009615994430441921,-0.06574058879438915,mle,Cognitive
0.05547691058492775,0.18867460301614566,-0.008916935994477182,-0.049381028606204413,mle,Cognitive
0.05854721304848384,0.18641879789167812,-0.04895766955798342,-0.01646113883493605,mle,Cognitive
0.05854711613446124,0.1782618107667553,-0.03729803054882397,-0.06580109793826772,mle,Cognitive
0.006723062924556274,0.12173470164113487,-0.027249212648056576,-0.04866381265476449,mle,Cognitive
0.01584727017640481,0.13265691200188903,-0.015187414972632096,-0.10471030028904327,mle,Cognitive
0.022654244504274928,0.13783826956448877,-0.039767154617238676,-0.0051004101579841254,mle,Cognitive
0.014793325466978627,0.27360035391165227,-0.025646054171127863,-0.023994718912614843,mle,Cognitive
0.015238415157208623,0.24393962537099187,-0.038604222098372,-0.02386204692001348,mle,Cognitive
0.006226632375082624,0.23297513344461662,-0.02832064429291914,-0.05258841336938702,mle,Cognitive
0.00964343733853083,0.10776629355419,-0.013393288450488816,-0.07179130221304919,mle,Cognitive
0.012540214249641933,0.09786784901654469,-0.011495419971855103,-0.07789256129845312,mle,Cognitive
0.011409317054725827,0.08453684503393552,0.013671347815151336,-0.08182664325917499,mle,Cognitive
0.008586035875998573,0.06703727826701378,-0.0330796155631512,-0.04786178407502728,mle,Cognitive
0.06518074988061151,0.2428737408203526,-0.010982758916415758,-0.03274510771574679,mle,Cognitive
0.08241159718376143,0.1884433559285595,-0.02872746932309833,-0.04129503931330336,mle,Cognitive
0.0809984470372532,0.1790259215350058,-0.02377470374486612,-0.055571191282751675,mle,Cognitive
0.07254882174963545,0.09947060008815228,-0.06686777534143773,-0.0481676579191288,mle,Cognitive
0.08007257745871779,0.09339205719724387,2.900470149924672e-5,-0.05414739742828045,mle,Cognitive
0.04363650555241917,0.3860036531723901,-0.015744858277283447,-0.05599670844471105,mle,Cognitive
0.10586850854789544,0.16797493112507764,-0.07819689778393202,-0.05803368711026691,mle,Cognitive
0.11184960844719477,0.0718276634074706,-0.03190486478578469,-0.05059014036916354,mle,Cognitive
0.13771434449559933,0.0663008850657644,-0.022592801131471774,-0.006282588352841678,mle,Cognitive
0.13913877414269868,0.06779020728281325,-0.06278229089417198,-0.1205520964024751,mle,Cognitive
0.0700673986603676,0.0848042422626668,-0.0166435153608111,-0.0504773092772095,mle,Cognitive
0.03725565651372041,0.23613443679333196,0.03056452505589702,-0.060382048885067485,mle,Cognitive
0.03572704892896712,0.15948556475175663,0.048492599024159144,-0.05078940926483533,mle,Cognitive
0.04566075990999882,0.1077795082138667,-0.017883801199917615,-0.09138186839907325,mle,Cognitive
0.04487411272738518,0.10762197999456856,-0.013327284560804786,-0.028096650707447823,mle,Cognitive
0.06129226838002201,0.09474726783608493,-0.03545609256963056,-0.11639583108019358,mle,Cognitive
0.09624334797054224,0.06251993157550143,0.01093285035908842,-0.1156233607260122,mle,Cognitive
0.1092998138694228,0.11724590361459723,-0.030698952383256817,-0.09087232582255278,mle,Cognitive
0.09152396639212888,0.11517123138739482,-0.03811806811626961,-0.08059712993512425,mle,Cognitive
0.07550774085194112,0.14511065906459952,-0.007594019825259313,-0.06677707502502606,mle,Cognitive
0.10703796613314867,0.22755111132646705,-0.04903591798774931,-0.017180534408397508,mle,Cognitive
0.10669131318079875,0.22823803863519784,-0.021648304089854298,-0.03294388348055266,mle,Cognitive
0.10543614517641385,0.26912284347467597,-0.015485077830748262,-0.06300279977980283,mle,Cognitive
0.1011269791780448,0.30101095637236264,-0.03003052805569384,-0.028770630926374885,mle,Cognitive
0.10135265656822462,0.30077534785714394,-0.053348951362016894,-0.04190056496590833,mle,Cognitive
0.10383681326533738,0.27811324408678795,0.011810553492026532,-0.07170917189213655,mle,Cognitive
0.10383681326533738,0.27811324408678795,0.011810553492026532,-0.07170917189213655,mle,Cognitive
0.11143094015509898,0.25646712366620894,-0.042525237942025784,-0.08908959707391606,mle,Cognitive
0.11322913443075736,0.25608264843258105,-0.05157759554747887,-0.09796747820931717,mle,Cognitive
0.10249711849518406,0.27414746783170413,-0.0062684038632125905,-0.06443038807040846,mle,Cognitive
0.10509286626885386,0.2779791055470537,-0.004029109335150771,-0.05555145161011321,mle,Cognitive
0.11425503856191421,0.25616524283566133,-0.06269017143784406,-0.036830208352318206,mle,Cognitive
0.11201673632732934,0.2583085594397633,-0.018687982910361445,-0.04981599069270359,mle,Cognitive
0.11354112686964332,0.09764306685343681,-0.06537054153402022,-0.08501073953163307,mle,Cognitive
0.07309012788286484,0.08203270283347541,0.0517405360051697,-0.03245417515118865,mle,Cognitive
0.06348398385131476,0.14380537689769687,0.015200688697918352,-0.08131806616296555,mle,Cognitive
0.06467476342469738,0.1369597619497141,-0.015223483339626531,-0.048702407046401275,mle,Cognitive
0.06310366760195785,0.15462251721229664,0.009246872164349274,-0.07158574357657632,mle,Cognitive
0.058873988430183766,0.19270523017528765,-0.029583949768182016,-0.033214450064912304,mle,Cognitive
0.08343613352294177,0.20626567008026495,-0.07038291032854116,-0.048907355258908325,mle,Cognitive
0.08445675266692446,0.19478503563778654,-0.011573283294819436,-0.058366058748224425,mle,Cognitive
0.0870580719822843,0.18874186618499084,-0.022103573529878906,-0.04597750013984525,mle,Cognitive
0.07748802300214679,0.13768512578670158,-0.05227167438756064,-0.07404982992316489,mle,Cognitive
0.07443574042968226,0.1452657580143815,-0.03600300710622406,-0.04776529728187273,mle,Cognitive
0.08739056600188581,0.1432805095492602,-0.029562224699361206,-0.0876992743628009,mle,Cognitive
0.09354809534557212,0.12556693443337366,-0.022398323229146033,-0.08793686697264325,mle,Cognitive
0.013859859999260137,0.059112286185266115,-0.018491967498194484,-0.06396975801912785,mle,Cognitive
0.01855788802811311,0.06583672877712235,0.00981208067225614,-0.09759700899753732,mle,Cognitive
0.023774779488120987,0.04442861325279805,-0.06571203576920204,-0.061708690264643096,mle,Cognitive
0.05422669547530096,0.030687349591243203,-0.005320452864735259,-0.05303983969155657,mle,Cognitive
0.058878161681419613,0.028816259327868753,-0.03423050066067823,-0.0570420432333294,mle,Cognitive
0.08429240693147816,0.058120261195894446,-0.05201177615399999,-0.07989502152940364,mle,Cognitive
0.10249548019615035,0.09316026361681738,-0.040880541530856185,-0.042825354382520775,mle,Cognitive
0.10698351056481142,0.0982119747480399,-0.00462984704549152,-0.052643287114148674,mle,Cognitive
0.10163510565022102,0.11250919199343565,-0.07004269726650669,-0.02701509203893071,mle,Cognitive
0.08886084140855302,0.12449041447608197,-0.011489685787763548,-0.06695855158478192,mle,Cognitive
0.09058152122980186,0.11675921246066533,-0.007224023422984338,-0.06429600623520826,mle,Cognitive
0.09504542997948465,0.10408633725644541,-0.023638061003697475,-0.03664696582677496,mle,Cognitive
0.09577056558175365,0.08981780437123789,-0.02161057856732107,-0.030288421598894333,mle,Cognitive
0.1019116299480842,0.10106587550440173,-0.02060687112994053,-0.02645890896945624,mle,Cognitive
0.1029977610473863,0.10335734722965843,0.007632431874265766,-0.0966856975961079,mle,Cognitive
0.08587487193670804,0.1110971352520425,0.0035969185236872647,-0.10386025564423451,mle,Cognitive
0.08946552070891739,0.11607200120843454,-0.057116373073886395,-0.003743187012214211,mle,Cognitive
0.025810342396701276,0.13204567250519977,-0.06362023599998023,-0.02554203175194636,mle,Cognitive
0.021498914525777804,0.1302917694929865,0.045131763345584996,-0.020221097262876686,mle,Cognitive
0.023684160712937295,0.1381565090792617,-0.07960118331062627,-0.03531366722888385,mle,Cognitive
0.016858941570526795,0.13304872850093527,-0.014658404089871846,-0.08907745710408155,mle,Cognitive
0.016618360317071194,0.2055537114511048,-0.05227068876698393,-0.019285052577162176,mle,Cognitive
0.018449187870130952,0.18302210021009388,0.002909617095136152,-0.03818580201749566,mle,Cognitive
0.018311145995497453,0.17805268906376115,0.004848717242003531,-0.04827744468942963,mle,Cognitive
0.017735616684749267,0.24574804147379123,-0.007967379511959471,-0.034400341485409935,mle,Cognitive
0.01351689415443532,0.24837703680781467,-0.006100505101831022,-0.045038849142619686,mle,Cognitive
0.008624196325686492,0.24193977257001506,0.02329328640764139,-0.0724025552830112,mle,Cognitive
0.008973072286134896,0.25710679643926254,-0.012582123077684582,-0.06803321050767619,mle,Cognitive
0.0068396655773236776,0.2882922007316981,-0.0016157122799498325,-0.04911550017095756,mle,Cognitive
0.028042962718721313,0.4698691600485036,-0.03700430762383755,-0.05052289167820878,mle,Cognitive
0.028042962718721313,0.4698691600485036,-0.03700430762383755,-0.05052289167820878,mle,Cognitive
0.027160739852307193,0.47297666111627756,-0.04740377876833657,-0.017038197117285714,mle,Cognitive
0.027160739852307193,0.47297666111627756,-0.04740377876833657,-0.017038197117285714,mle,Cognitive
0.027160739852307193,0.47297666111627756,-0.04740377876833657,-0.017038197117285714,mle,Cognitive
0.02668020072117058,0.47585420443890725,-0.03524866534311388,-0.018987384745580815,mle,Cognitive
0.029113736737658262,0.4848254811084793,-0.016936990753519954,-0.03526272083286286,mle,Cognitive
0.030008425887358914,0.49661300924389656,-0.04563633999958938,-0.047549377203899734,mle,Cognitive
0.030081807739585346,0.4920650329080176,-0.03350223903951832,-0.04798309017765745,mle,Cognitive
0.02765095902926263,0.43944745503158034,-0.016271930389124556,-0.06467737099541093,mle,Cognitive
0.02765095902926263,0.43944745503158034,-0.016271930389124556,-0.06467737099541093,mle,Cognitive
0.02969886130844722,0.4322600617144901,-0.044809290227093124,-0.020890600395605308,mle,Cognitive
0.027253168292564918,0.4199523736622968,0.014591948067418148,-0.04845050465888279,mle,Cognitive
0.028097325417582288,0.38723023011158014,0.02020499257712416,-0.015938580791541757,mle,Cognitive
0.02880132539898051,0.22055816475495865,0.006856331673413152,-0.09821629706063773,mle,Cognitive
0.01464151739028988,0.2841162969881733,-0.0617226109368314,0.025809719721542557,mle,Cognitive
0.016318039288430647,0.28561463016062755,-0.011837909206621422,-0.06259526684518923,mle,Cognitive
0.012513392198286212,0.27708975303252004,0.013262219715346024,-0.0013033473096237813,mle,Cognitive
0.01096909929081304,0.20789519345383425,-0.02063704031906366,-0.02783789772860601,mle,Cognitive
0.010785460126406965,0.1030181059034245,-0.004382222412054437,-0.028678666762804506,mle,Cognitive
0.010262595910203362,0.10272383752432222,0.044620526579709274,-0.04605437140129154,mle,Cognitive
0.011759833405666342,0.10836925020816104,-0.013266173388386537,-0.0444018645935742,mle,Cognitive
0.10067141528965538,0.10772724154824118,-0.0446215287767433,-0.0709964086220436,mle,Cognitive
0.09703216675692809,0.0991267030703389,-0.06394691291823418,-0.04841562797139165,mle,Cognitive
0.10083430125968713,0.07632873841006171,-0.07095289462687293,-0.01830405156645254,mle,Cognitive
0.09871795411066095,0.07231020991541143,0.013158136471187465,-0.01938361779043296,mle,Cognitive
0.10432352795059359,0.06233417669426374,-0.0002867509671857782,-0.058332023044798786,mle,Cognitive
0.08067039020615455,0.01341821230407779,-0.010122032605589304,-0.05620622578204881,mle,Cognitive
0.00792793824136697,0.015204091143927607,-0.027329958301121504,-0.10581558316729156,mle,Cognitive
0.008756528110990076,0.01411989679573676,0.0064271182058939225,-0.042151247609953035,mle,Cognitive
0.03132291253228,0.03975424052891798,0.02568899069292474,-0.016394823377913204,mle,Cognitive
0.029326953289023294,0.06652488512256141,-0.05452762385857057,-0.11030912690873107,mle,Cognitive
0.0312427500053164,0.32773309205809503,0.01720586680192815,-0.07849305175983123,mle,Cognitive
0.0041074738098249,0.08239730785723003,-0.010276704000987236,-0.10382848307886094,mle,Cognitive
0.011561659660021354,0.3033286752704289,0.023767032695102497,-0.10328158487493355,mle,Cognitive
0.02701147216257882,0.09922807487508281,0.02542473260323108,-0.0906446717127285,mle,Cognitive
0.02329967911262171,0.2184664858537046,-0.031081645591859663,-0.04218992815881384,mle,Cognitive
0.02803156287689552,0.250382266717371,-0.04041379552892188,-0.05019724408549142,mle,Cognitive
0.028644745767129522,0.2576179868989603,-0.06812680245280389,-0.04337076185771993,mle,Cognitive
0.025405281244462584,0.3085785430380739,0.0017971908249521107,-0.04079282906713466,mle,Cognitive
0.020732844098653322,0.12715861446166665,0.03875062068108992,-0.07438338957018042,mle,Cognitive
0.01767754711646643,0.11640166378823624,-0.02080480976568544,-0.04358219454219858,mle,Cognitive
0.08795282878691667,0.04271936183945693,0.004133811266491705,-0.048910071059626414,mle,Cognitive
0.02219806165106484,0.35231565441769497,-0.02038359968537984,-0.03292999568043031,mle,Cognitive
0.011155517532211922,0.2027596925250157,0.019818046456222316,-0.05307216098855072,mle,Cognitive
0.02437443612241242,0.09649634522790584,-0.02311668326000138,-0.058737996178237495,mle,Cognitive
0.020822917599839445,0.43896919383861494,0.0035704787803338967,-0.018084600260890538,mle,Cognitive
0.01734774383299721,0.48010120407269985,-0.0112790823013722,-0.049839730304099605,mle,Cognitive
0.018191827923894628,0.4828846198386787,-0.03568904417234409,-0.01274001865206098,mle,Cognitive
0.029991624251357006,0.42436727128236884,-0.026644120130515203,-0.011913611626304332,mle,Cognitive
0.027547752638133104,0.5051253421411513,-0.025124079499831753,-0.03509551746410633,mle,Cognitive
0.04955520738745388,0.04249169364665106,-0.03484641049697701,-0.1003758832970485,mle,Cognitive
0.07108407137842451,0.041458264810909286,-0.030052591010326646,-0.08449746876529884,mle,Cognitive
0.010690915109973581,0.09676176389981643,0.028589750357148613,-0.053733751359543946,mle,Cognitive
0.010955133929379114,0.09713128751633242,0.02096731410005903,-0.04160580589017138,mle,Cognitive
0.004171024149313523,0.163652412114126,-0.029634942368477635,-0.06075132586808252,mle,Cognitive
0.03247880637980324,0.003435864175153347,-0.035746350080510414,-0.04890601213822987,mle,Cognitive
0.02934361061536773,0.0032676528390065537,-0.015579409201995853,-0.08083740005334605,mle,Cognitive
0.018463003045212065,0.158384244140745,0.017998017952946643,-0.06929523891895872,mle,Cognitive
0.02564521521398035,0.10582681922705443,0.005806541496374162,-0.0688951213193556,mle,Cognitive
0.1461508077904848,0.05562917555724091,-0.10334252919693898,-0.03376680005642485,mle,Cognitive
0.09683914232954816,0.10786187929850445,-0.015100318961121628,-0.04200259878368984,mle,Cognitive
0.0691116392279686,0.04915890189838551,-0.051991804859881974,-0.0725756931099446,mle,Cognitive
0.06360179165147473,0.044318282846574415,0.020905049791288377,-0.0756598674916158,mle,Cognitive
0.07168655516035571,0.029534625781154646,-0.05870631460882958,-0.08905800836159972,mle,Cognitive
0.06489815304053403,0.03250315049785198,0.0074309902073612655,-0.011866217283115432,mle,Cognitive
0.07707770305210332,0.049931895069874374,-0.09316770210347136,-0.04623793451923852,mle,Cognitive
0.06567834275994996,0.07222223526530944,-0.042952972348814455,-0.006850074987748922,mle,Cognitive
0.026409322329218957,0.04221151849091355,-0.036040963501607015,-0.03905673185582037,mle,Cognitive
0.031711596507111806,0.055582928044501295,0.002108009814333567,-0.0491293605332388,mle,Cognitive
0.036081445972168134,0.05716457013589092,-0.058736109791716284,-0.07102342091331781,mle,Cognitive
0.05307319298986843,0.12091078461516262,-0.0044449359615179596,-0.06239107888768247,mle,Cognitive
0.05320234420951836,0.12637425702453453,-0.06811090230530237,-0.0256959474730567,mle,Cognitive
0.05221450745630664,0.12972660412777892,-0.05163431359281612,-0.05485928838467391,mle,Cognitive
0.05301216216421009,0.12545686265037234,-0.040058965550674897,-0.06947027647457582,mle,Cognitive
0.045988683619479234,0.15457102720819457,0.032145813069712315,-0.03493134885035265,mle,Cognitive
0.038862154535426616,0.33089822495360033,0.005298469390751848,-0.04394326154593009,mle,Cognitive
0.053823831941952505,0.2260079276098848,-0.06333433109775899,-0.042098356103080325,mle,Cognitive
0.007424323096385894,0.15014152516593798,-0.016973858506099226,-0.023107679119272584,mle,Cognitive
0.005796633252666958,0.1667587232577642,-0.009582698744955431,-0.06969735369292396,mle,Cognitive
0.003934952945152105,0.28369754735917624,-0.022124567782144222,-0.05037114598810355,mle,Cognitive
0.008913753874314957,0.13869440007391085,-0.02639020738422304,-0.06742020672098725,mle,Cognitive
0.012220832193018304,0.202957722840216,-0.031445964559735806,-0.04820155494206246,mle,Cognitive
0.009063973232099681,0.15775478584453842,0.03654275481582303,-0.0426201913887454,mle,Cognitive
0.010056647034031129,0.1640293795805336,-0.011932181465316827,-0.056107029825534394,mle,Cognitive
0.010031606210698287,0.1986762104632281,-0.05319099959399476,-0.07244186552184151,mle,Cognitive
0.006190074755152758,0.14046831337389915,-0.00376453237115304,-0.043000333210097,mle,Cognitive
0.008106892283378518,0.15003915000831414,-0.051186509986185014,-0.06147792013325337,mle,Cognitive
0.00531548900316335,0.11025126977991698,0.04231332496693696,-0.03633594107356841,mle,Cognitive
0.003878549745924318,0.13223015377615427,-0.03240444344227966,-0.055204777434069374,mle,Cognitive
0.017012999382494745,0.24163068372480326,0.022240985621159393,-0.0035762497484403966,mle,Cognitive
0.018222667534934338,0.2497394830312954,0.008646125357193224,-0.07785988933400856,mle,Cognitive
0.018577229084782595,0.5159644140179107,-0.04069069747551679,-0.009383183732556866,mle,Cognitive
0.018688610488280927,0.5127417826212032,-0.01859898359709522,-0.01109045706741374,mle,Cognitive
0.018582364317705043,0.5311760588513127,-0.028483486022888416,-0.026939289316111115,mle,Cognitive
0.018582364317705043,0.5311760588513127,-0.028483486022888416,-0.026939289316111115,mle,Cognitive
0.017135177383279354,0.5483022046325088,0.0038623621034954425,-0.017320907333322033,mle,Cognitive
0.017135177383279354,0.5483022046325088,0.0038623621034954425,-0.017320907333322033,mle,Cognitive
0.017135177383279354,0.5483022046325088,0.0038623621034954425,-0.017320907333322033,mle,Cognitive
0.017128038404243054,0.546124433262436,0.006345012813173678,-0.040162543206043955,mle,Cognitive
0.017128038404243054,0.546124433262436,0.006345012813173678,-0.040162543206043955,mle,Cognitive
0.01769656424848636,0.5478646436690998,-0.006617716037056409,-0.028139230990496422,mle,Cognitive
0.017569642205373825,0.544745935054762,-0.025641643313900397,-0.034014184493496025,mle,Cognitive
0.016939162064332033,0.5469806868543432,0.006225078303715215,-0.04582453843880052,mle,Cognitive
0.0156495635995981,0.5581250596611952,0.010571892899035706,-0.024060978909942188,mle,Cognitive
0.0156495635995981,0.5581250596611952,0.010571892899035706,-0.024060978909942188,mle,Cognitive
0.0156495635995981,0.5581250596611952,0.010571892899035706,-0.024060978909942188,mle,Cognitive
0.015492858488632006,0.5600672980941669,0.007990777291180251,-0.02067748191069807,mle,Cognitive
0.015492858488632006,0.5600672980941669,0.007990777291180251,-0.02067748191069807,mle,Cognitive
0.015433012387097808,0.5700181878449961,0.00039438867126317945,-0.04349760248961143,mle,Cognitive
0.015405433930208656,0.5749490618121471,-0.01496917021363875,-0.013420808254474448,mle,Cognitive
0.01524230656802296,0.5912838611047444,0.009479939004416238,-0.04288401188500912,mle,Cognitive
0.015143825255170613,0.5943734615898905,-0.01124433680905823,-0.02633945144437888,mle,Cognitive
0.015143825255170613,0.5943734615898905,-0.01124433680905823,-0.02633945144437888,mle,Cognitive
0.015143825255170613,0.5943734615898905,-0.01124433680905823,-0.02633945144437888,mle,Cognitive
0.01524295001476558,0.6006968369474728,0.008471340666809102,-0.04472877626808969,mle,Cognitive
0.01524295001476558,0.6006968369474728,0.008471340666809102,-0.04472877626808969,mle,Cognitive
0.01524295001476558,0.6006968369474728,0.008471340666809102,-0.04472877626808969,mle,Cognitive
0.01524295001476558,0.6006968369474728,0.008471340666809102,-0.04472877626808969,mle,Cognitive
0.015244789357450488,0.5942500218567112,-0.005383116506227248,-0.00644629327457813,mle,Cognitive
0.015244789357450488,0.5942500218567112,-0.005383116506227248,-0.00644629327457813,mle,Cognitive
0.015244789357450488,0.5942500218567112,-0.005383116506227248,-0.00644629327457813,mle,Cognitive
0.015276553849703584,0.5899952062094546,-0.003190323764998837,-0.024612627278306487,mle,Cognitive
0.015276553849703584,0.5899952062094546,-0.003190323764998837,-0.024612627278306487,mle,Cognitive
0.01536513023769534,0.5925440842693352,0.017474217360620603,-0.011660515534115179,mle,Cognitive
0.01536513023769534,0.5925440842693352,0.017474217360620603,-0.011660515534115179,mle,Cognitive
0.015218098928692365,0.5918579492128806,0.004943807173717563,-0.019951115905057826,mle,Cognitive
0.015218098928692365,0.5918579492128806,0.004943807173717563,-0.019951115905057826,mle,Cognitive
0.015191127873279411,0.5968428183172203,0.007141331986773025,-0.018940547651520756,mle,Cognitive
0.015439657910598452,0.5924767060575674,0.024325830078431476,-0.022316407202973787,mle,Cognitive
0.015492115509500297,0.5984617372623618,-0.0024675694210456456,-0.02202572119854529,mle,Cognitive
0.015618592483954079,0.5914713320891755,0.0009207475109849206,-0.027559850790135787,mle,Cognitive
0.015887971581551714,0.5865463892228726,0.019299544332219476,-0.043596085283538866,mle,Cognitive
0.015887971581551714,0.5865463892228726,0.019299544332219476,-0.043596085283538866,mle,Cognitive
0.01563309148956831,0.5868141428805228,0.017136904624782012,-0.03665716158581489,mle,Cognitive
0.015509813947568951,0.5901749690285338,0.016125202922046444,-0.025511678059068954,mle,Cognitive
0.015509813947568951,0.5901749690285338,0.016125202922046444,-0.025511678059068954,mle,Cognitive
0.015509813947568951,0.5901749690285338,0.016125202922046444,-0.025511678059068954,mle,Cognitive
0.015509813947568951,0.5901749690285338,0.016125202922046444,-0.025511678059068954,mle,Cognitive
0.015626858692645577,0.5857426922183142,0.00885525478039062,-0.028337845329913236,mle,Cognitive
0.015821414252181164,0.5908689245399755,0.017316219668008337,-0.014081546371949694,mle,Cognitive
0.016544374432467063,0.5806958356283951,0.009511740810927094,-0.0399887194603763,mle,Cognitive
0.016544374432467063,0.5806958356283951,0.009511740810927094,-0.0399887194603763,mle,Cognitive
0.0163060996844668,0.5781279855558614,0.0059836711194543035,-0.039902597739315926,mle,Cognitive
0.0163060996844668,0.5781279855558614,0.0059836711194543035,-0.039902597739315926,mle,Cognitive
0.016326158716871264,0.5736834964786182,-0.007870577162766068,-0.021967264985087942,mle,Cognitive
0.016082332893216835,0.5714789143232017,0.011141711560033851,-0.03677059704318042,mle,Cognitive
0.016082332893216835,0.5714789143232017,0.011141711560033851,-0.03677059704318042,mle,Cognitive
0.016082332893216835,0.5714789143232017,0.011141711560033851,-0.03677059704318042,mle,Cognitive
0.01611636040723262,0.5564236050254293,0.010341553135610582,-0.02571035228402163,mle,Cognitive
0.016470072891501868,0.5644018920208569,0.014020393868950265,-0.035875871075575994,mle,Cognitive
0.016470072891501868,0.5644018920208569,0.014020393868950265,-0.035875871075575994,mle,Cognitive
0.015876586683861806,0.5459227892340378,0.011818126603530654,-0.03414151146539268,mle,Cognitive
0.01805155833358694,0.5569302265550721,-0.022706224818107135,-0.016276235126309713,mle,Cognitive
0.01828381418179722,0.5552116108167406,-0.028768283439850384,-0.009478304548484973,mle,Cognitive
0.018267696171418685,0.5491421169076725,-0.019854936168223425,-0.01387970005169481,mle,Cognitive
0.018267696171418685,0.5491421169076725,-0.019854936168223425,-0.01387970005169481,mle,Cognitive
0.018094482450639948,0.5555562313775123,-0.009448972214061824,-0.024835941215241464,mle,Cognitive
0.01823006518156068,0.556225954955199,-0.004831643132000352,-0.04134525916394738,mle,Cognitive
0.01823006518156068,0.556225954955199,-0.004831643132000352,-0.04134525916394738,mle,Cognitive
0.017942781117519666,0.553067245216554,-0.019458089023661973,-0.03193993779312532,mle,Cognitive
0.017863082214155137,0.5509092777348156,-0.009110673568952787,-0.025186911313583193,mle,Cognitive
0.017799796332552,0.5514236453877858,-0.029951537180747945,-0.026674855862890645,mle,Cognitive
0.018022038509147582,0.5501722125047297,-0.014334644536993624,-0.03896737790102511,mle,Cognitive
0.017600089222697724,0.5575827717615421,-0.015893203763571062,-0.020445979766513522,mle,Cognitive
0.0172804731957358,0.547896875725511,-0.007787288808144721,-0.045499108983218406,mle,Cognitive
0.017103419502426925,0.5460273177332193,-0.009405855918646289,-0.031550761750638756,mle,Cognitive
0.016948668666060603,0.5423981164689737,0.0006856555848098189,-0.053417437004928514,mle,Cognitive
0.01652346151349137,0.5417040283858642,0.014964504849691362,-0.027913922884302167,mle,Cognitive
0.01652346151349137,0.5417040283858642,0.014964504849691362,-0.027913922884302167,mle,Cognitive
0.01652346151349137,0.5417040283858642,0.014964504849691362,-0.027913922884302167,mle,Cognitive
0.01737793780891636,0.5442615323141964,-0.0027843429602321113,-0.01439651151476884,mle,Cognitive
0.01737793780891636,0.5442615323141964,-0.0027843429602321113,-0.01439651151476884,mle,Cognitive
0.016134983668822097,0.5316903869996991,0.03241177507143389,-0.050170498927280205,mle,Cognitive
0.015464917465954374,0.5477470665672477,-0.012429860535170034,-0.017707385579198487,mle,Cognitive
0.015379597779287841,0.5470542248219757,0.006831135858202941,-0.05860877355360938,mle,Cognitive
0.015379597779287841,0.5470542248219757,0.006831135858202941,-0.05860877355360938,mle,Cognitive
0.015379597779287841,0.5470542248219757,0.006831135858202941,-0.05860877355360938,mle,Cognitive
0.015379597779287841,0.5470542248219757,0.006831135858202941,-0.05860877355360938,mle,Cognitive
0.014666947208614292,0.5566323992599712,-0.004449666854306145,-0.019383129205903238,mle,Cognitive
0.014666947208614292,0.5566323992599712,-0.004449666854306145,-0.019383129205903238,mle,Cognitive
0.014666947208614292,0.5566323992599712,-0.004449666854306145,-0.019383129205903238,mle,Cognitive
0.014666947208614292,0.5566323992599712,-0.004449666854306145,-0.019383129205903238,mle,Cognitive
0.016622487920552632,0.46511152304224207,-0.009034216810554163,-0.00020916397568537803,mle,Cognitive
0.01574743326025111,0.4122144430900171,-0.00686003502027277,-0.0354890366577143,mle,Cognitive
0.016716352534926343,0.43238304955300555,-0.02322758910201439,-0.014494342103662294,mle,Cognitive
0.020771708140767276,0.4062794637754054,0.0020688447787922115,-0.039623423363451815,mle,Cognitive
0.018806589787808716,0.43046956560779626,-0.022108111095196836,-0.04336500465102455,mle,Cognitive
0.10198025620420961,0.013598943537312665,-0.05157396392820002,-0.13624251448579727,mle,Cognitive
0.14039514754672688,0.04182479362819986,-0.08276673669031465,-0.07269111737019629,mle,Cognitive
0.1419844139937333,0.042315025646742006,-0.034942446296336804,-0.10754654340147618,mle,Cognitive
0.13527133195895752,0.045597532104704006,-0.02898314775125277,-0.016200523023683244,mle,Cognitive
0.13028807534133158,0.04426456134978399,-0.029246080703992483,-0.0916518948889371,mle,Cognitive
0.004827150267801651,0.15538471123764375,-0.0777978352373907,-0.01430542406641444,mle,Cognitive
0.014534956078625974,0.3244277119913744,-0.007011195893403155,-0.03309202367560937,mle,Cognitive
0.021225801976901684,0.34774277554942273,-0.035841890621668426,-0.06234469621861405,mle,Cognitive
0.017833358793348318,0.3293019989440364,0.04922369318058051,-0.0820389698216828,mle,Cognitive
0.023610462327276146,0.33389879067474754,0.0011478276689964595,-0.08155897609973972,mle,Cognitive
0.01952222155930989,0.3249518492942473,0.023655901664976664,-0.027400812562819565,mle,Cognitive
0.01807975189850901,0.3478050476668718,-0.0020416990253833145,-0.03477441510442114,mle,Cognitive
0.01824396154691759,0.3439664108210193,-0.0366323301533118,-0.0411064210569021,mle,Cognitive
0.01629578476895574,0.3379126166717091,0.011298667416363983,-0.0641198401154155,mle,Cognitive
0.020809729121923595,0.3271372079667769,-0.05301772517558545,-0.013199069213322367,mle,Cognitive
0.009902677953045495,0.4215010528174008,-0.02164008936867634,-0.002761483320096847,mle,Cognitive
0.005512798233914905,0.4478178358808267,0.005590755375655565,-0.048506239894051895,mle,Cognitive
0.00523572470925935,0.42227205990267935,-0.03100860153357865,-0.011984700945218973,mle,Cognitive
0.0053481412829254355,0.43554858976550376,0.002153914101457932,-0.0648663731467416,mle,Cognitive
0.02005805394564291,0.3575781736000456,-0.019683582544401723,-0.01094696605595824,mle,Cognitive
0.021048644818156468,0.13254812868083196,0.03362210116456499,-0.06412063955879299,mle,Cognitive
0.0325343161017853,0.25794442045077143,-0.0027365126661698103,-0.0050594590445265375,mle,Cognitive
0.03318522587819756,0.4254470079158232,0.00026490484405661263,-0.05152839143286858,mle,Cognitive
0.035388625280444834,0.4051276440300421,-0.020479493760052092,-0.025416422857926113,mle,Cognitive
0.05001095835210779,0.25199251137815537,0.011163629087685312,0.00848231384388276,mle,Cognitive
0.050805339551270604,0.24240032711911813,0.05400216405374847,-0.0757071113011929,mle,Cognitive
0.023052925382757293,0.0389063706070762,-0.051032381615970124,-0.11718701682681631,mle,Cognitive
0.02637426684284956,0.043440146760200346,-0.000736914478530748,-0.028784574696681497,mle,Cognitive
0.027489652213008302,0.03666626008759908,-0.06414016598249628,-0.05128249912863114,mle,Cognitive
0.02486617513986281,0.03853326652703783,-0.0018521733783583016,-0.06134229765968202,mle,Cognitive
0.02321853531721761,0.03901958536016105,-0.003824163742768505,-0.02410729743151041,mle,Cognitive
0.035320639068688736,0.029696351550764187,-0.036277451142745276,-0.05792774238006948,mle,Cognitive
0.02282937780659084,0.12779423618225239,-0.022364891285455712,-0.009266946860771341,mle,Cognitive
0.020504085341486705,0.15414614866454188,-0.01126444289735895,-0.040277018192800496,mle,Cognitive
0.10109852209238859,0.09477655041527702,-0.012451579910025323,-0.030209052443401774,mle,Cognitive
0.00451769048583844,0.10658748440444063,-0.027453922562903132,-0.06573349522714267,mle,Cognitive
0.005028993049631603,0.11306484086986185,-0.01192106247171787,-0.08059778394620576,mle,Cognitive
0.005701382958064457,0.12343520633306643,0.012522735836994148,-0.06667071605155761,mle,Cognitive
0.001108581758721876,0.28296054682604355,0.01710532120261865,-0.0941316135768484,mle,Cognitive
0.002701674120009421,0.3440530824572383,-0.046728956393198295,-0.04725414101095016,mle,Cognitive
0.027281405154679743,0.1562932417593098,-0.0814262630672613,-0.03831709530066707,mle,Cognitive
0.02761564979196781,0.161773697850283,-0.04497324665385638,-0.03561953469743684,mle,Cognitive
0.03323850953202753,0.3524816364772552,-0.0006552813127180812,-0.03384012410052839,mle,Cognitive
0.07815630390577,0.02116291210164165,-0.008427250984404555,-0.07484471604470122,mle,Cognitive
0.08065453488405779,0.02050810445279541,0.009727399328743225,-0.07106282505425554,mle,Cognitive
0.08156141815098249,0.023945987073369306,-0.016918713071028435,-0.03420076155976681,mle,Cognitive
0.0767948813208641,0.025898571883605153,0.014429910850469962,-0.1046315015053696,mle,Cognitive
0.07563649946049265,0.026403805460485767,-0.034514191473950184,-0.021304512676915355,mle,Cognitive
0.08441888905893695,0.017246975714817727,-0.02360733640986168,-0.13497415836503168,mle,Cognitive
0.06395120656172729,0.006734132759687679,-0.023731413943491875,-0.04990166581126121,mle,Cognitive
0.0771285338106244,0.11102427781227449,-0.0261158394088703,-0.04016242215133481,mle,Cognitive
0.07543173319291445,0.11374554777948578,-0.010343393590503958,-0.06001372675660832,mle,Cognitive
0.07538776814007503,0.10428998941827228,-0.04180382995695897,-0.08654734740803849,mle,Cognitive
0.07102883588967251,0.08765190469637023,-0.032166603948106776,-0.02455829377764518,mle,Cognitive
0.052357389667182674,0.30579138785171683,-0.017801248314101015,-0.07856261742435922,mle,Cognitive
