source,arm,est_sample,year,Q,J,E,E1,E2,E3,E4,W,case,yQ
SIPP,0,true,1993,1,0.6262701010788658,3.3969715193438623,0.3737298989211337,0.012935110286965508,0.08417054404252329,0.529164446749377,1.0,ex-post,1
SIPP,0,true,1993,2,0.6317940464013997,3.389606285536055,0.3682059535986006,0.010108185190148382,0.08605677458966686,0.5356290866215845,1.0,ex-post,2
SIPP,0,true,1994,0,0.6561612960499532,3.3891679189997963,0.343838703950047,0.013081916520314893,0.08329394298719281,0.5597854365424451,1.0,ex-post,4
SIPP,0,true,1994,1,0.6668110716042778,3.412443779559692,0.3331889283957223,0.018018365524698387,0.08555929313037196,0.5632334129492075,1.0,ex-post,5
SIPP,0,true,1994,2,0.6795397515635956,3.4204025506318096,0.32046024843640364,0.017427393810520286,0.09733874924546887,0.5647736085076075,1.0,ex-post,6
SIPP,0,true,1995,0,0.6925420894878855,3.4180815217642833,0.30745791051211446,0.014369072984898265,0.08036972120822185,0.5978032952947652,1.0,ex-post,8
SIPP,0,true,1995,1,0.6979912241211643,3.4177660598885957,0.3020087758788361,0.018309138592293488,0.09296891984718741,0.5867131656816837,1.0,ex-post,9
SIPP,0,true,1995,2,0.6903553480451182,3.44142745580156,0.30964465195488133,0.005825544981468379,0.08893376458400674,0.5955960384796435,1.0,ex-post,10
FTP,0,true,1994,2,0.47975525462833296,2.6052965455442285,0.5202447453716672,0.17932672893259022,0.19417421898801407,0.10625430670772833,1.0,ex-post,6
FTP,0,true,1994,3,0.49334851753302883,2.692784010461766,0.5066514824669712,0.13561941881208978,0.21529894847195455,0.1424301502489843,1.0,ex-post,7
FTP,0,true,1995,0,0.5083138881727006,2.7723598109502596,0.4916861118272992,0.10796189409848021,0.22079168194546878,0.17956031212875131,1.0,ex-post,8
FTP,0,true,1995,1,0.5068372719751397,2.8248040403162946,0.4931627280248602,0.09065140164913432,0.21106566113250327,0.20512020919350227,1.0,ex-post,9
FTP,0,true,1995,2,0.4905671354425964,2.8640143607575195,0.5094328645574037,0.0791221023500503,0.19405616352628371,0.21738886956626194,1.0,ex-post,10
FTP,0,true,1995,3,0.5068736961255701,2.879927816684821,0.49312630387442996,0.07975959450087579,0.19384156339069297,0.2332725382340015,1.0,ex-post,11
FTP,0,true,1996,0,0.5148048089859687,2.9175015940101896,0.4851951910140314,0.06993736740947527,0.1933834363620709,0.2514840052144224,1.0,ex-post,12
FTP,0,true,1996,1,0.54654089170737,2.9691417745439614,0.45345910829263025,0.07069588449733293,0.18224890311378095,0.2935961040962562,1.0,ex-post,13
FTP,0,true,1996,2,0.5453312132539185,2.974241272203484,0.45466878674608113,0.07412015103873729,0.16745971744911023,0.3037513447660713,1.0,ex-post,14
FTP,0,true,1996,3,0.5498464232547222,2.9934200929887993,0.45015357674527784,0.0710429545687189,0.1615989270432139,0.3172045416427896,1.0,ex-post,15
FTP,0,true,1997,0,0.5546703641426092,2.9975034926545066,0.44532963585739094,0.07999718262676157,0.160086375510656,0.31458680600519157,1.0,ex-post,16
FTP,0,true,1997,1,0.567705362350289,3.0218389372619496,0.432294637649711,0.07112504936186351,0.16383377492417328,0.3327465380642524,1.0,ex-post,17
FTP,0,true,1997,2,0.5719029766732977,3.03865854829291,0.4280970233267022,0.06762690413781675,0.1592259157583277,0.34505015677715345,1.0,ex-post,18
FTP,0,true,1997,3,0.5819066161976869,3.0596987419870407,0.4180933838023127,0.061179106509129826,0.1637736756772125,0.3569538340113453,1.0,ex-post,19
FTP,0,true,1998,0,0.5888665698652745,3.0949818227727732,0.4111334301347255,0.053196986068038306,0.1653291007035113,0.37034048309372536,1.0,ex-post,20
FTP,0,true,1998,1,0.5841804121866735,3.0996017377143663,0.41581958781332634,0.05368221166382061,0.14855903593982672,0.3819391645830261,1.0,ex-post,21
FTP,0,true,1998,2,0.6062778965670883,3.117240075348138,0.393722103432912,0.05732352532128029,0.1479224799433154,0.4010318913024928,1.0,ex-post,22
FTP,0,true,1998,3,0.6109448049042041,3.150451822837793,0.38905519509579606,0.043553315827472266,0.14806532875044068,0.41932616032629083,1.0,ex-post,23
FTP,0,true,1999,0,0.6115431356657766,3.1922505809892465,0.3884568643342232,0.03948582201046081,0.13434600643825093,0.43771130721706514,1.0,ex-post,24
FTP,0,true,1999,1,0.5956966942531996,3.185026975807671,0.4043033057468002,0.043295662305269114,0.13718057594267627,0.4152204560052546,1.0,ex-post,25
CTJF,1,true,1996,2,0.4974068838080227,2.6131044443526124,0.5025931161919774,0.1481474501280291,0.22966672721624687,0.11959270646374694,1.0,ex-post,14
CTJF,1,true,1996,3,0.554137996749525,2.6994779266688247,0.445862003250475,0.12936676852706014,0.26125797458992583,0.16351325363253896,1.9313432835820896,ex-post,15
CTJF,1,true,1997,0,0.5860063651531738,2.7829831363674287,0.4139936348468262,0.12068293914570342,0.26049950406791716,0.20482392193955307,2.8776119402985074,ex-post,16
CTJF,1,true,1997,1,0.6196624936829558,2.8699075393756304,0.38033750631704344,0.11008263978365812,0.26050925241070877,0.24907060148858884,3.7955223880597013,ex-post,17
CTJF,1,true,1997,2,0.6508186363882751,2.956820706054752,0.34918136361172497,0.09479161009532147,0.2604777663455364,0.2955492599474173,4.6895522388059705,ex-post,18
CTJF,1,true,1997,3,0.6602503639849224,3.011322507004143,0.3397496360150771,0.08928206419696891,0.2431682170081619,0.3278000827797918,5.546268656716418,ex-post,19
CTJF,1,true,1998,0,0.6571023346964415,3.058230672115033,0.34289766530355836,0.08021597776077159,0.22113155894162034,0.3557547979940491,6.382089552238806,ex-post,20
CTJF,1,true,1998,1,0.6664202639088973,3.093265145067883,0.3335797360911032,0.08218015100070154,0.2064747866163788,0.37776532629181653,7.195522388059701,ex-post,21
CTJF,1,true,1998,2,0.6982952012845361,3.1413556361611574,0.30170479871546413,0.07438986982510337,0.20643274742749215,0.41747258403194026,7.977611940298507,ex-post,22
CTJF,1,true,1998,3,0.695042733323955,3.1746358324421298,0.30495726667604417,0.06379056979499168,0.19938909895764972,0.43186306457131374,8.065671641791045,ex-post,23
CTJF,1,true,1999,0,0.6853389377008476,3.187056654390653,0.31466106229915186,0.060801551764734084,0.1835331278008471,0.4410042581352666,8.11044776119403,ex-post,24
CTJF,1,true,1999,1,0.7033029438242568,3.20872042509495,0.29669705617574277,0.06073382732578409,0.1823058909153157,0.4602632255831574,8.146268656716417,ex-post,25
CTJF,1,true,1999,2,0.7137761077067544,3.2360539933480044,0.2862238922932458,0.0648163462590899,0.17248006143016978,0.4764797000174949,8.171641791044776,ex-post,26
CTJF,1,true,1999,3,0.7157506911489835,3.253292613089916,0.28424930885101657,0.057948058043081264,0.16801885645064488,0.48978377665525696,8.191044776119403,ex-post,27
CTJF,1,true,2000,0,0.720222720779203,3.271421411789652,0.27977727922079687,0.05013785442709459,0.17105507943586765,0.49902978691624056,8.205970149253732,ex-post,28
CTJF,1,true,2000,1,0.7133105116173236,3.2853652945688805,0.2866894883826765,0.04468246890250179,0.16316646415602193,0.5054615785588,8.214925373134328,ex-post,29
CTJF,1,true,2000,2,0.713880249114389,3.2928482379322888,0.286119750885611,0.0463823326010743,0.1583553550875626,0.5091425614257525,8.216216216216216,ex-post,30
CTJF,1,true,2000,3,0.7172513840724023,3.303575768626976,0.2827486159275977,0.05249617634718026,0.14503373772347952,0.5197214700017428,8.217021276595744,ex-post,31
CTJF,1,true,2001,0,0.7256490606800925,3.3485395236252753,0.27435093931990745,0.06541253874516355,0.12222211039012612,0.5380144115448032,8.235849056603774,ex-post,32
SIPP,0,true,1992,2,0.6089353688872257,3.361099121927615,0.39106463111277406,0.010030089912067518,0.07859536632096183,0.5203099126541963,1.0,ex-post,-2
SIPP,0,true,1992,3,0.6607703043507651,3.397055247829899,0.3392296956492348,0.011587957504508008,0.0986994788523668,0.55048286799389,1.0,ex-post,-1
SIPP,0,true,1993,0,0.6176499094620784,3.351655552524587,0.3823500905379215,0.01193703422703427,0.09011470294686232,0.5155981722881817,1.0,ex-post,0
SIPP,0,true,1993,3,0.6784233310652051,3.422815096581559,0.3215766689347943,0.007010945561601179,0.09719852815145791,0.5742138573521468,1.0,ex-post,3
SIPP,0,true,1992,1,0.6038896350566629,3.432419461391556,0.39611036494333707,0.013343537036692584,0.0708701968043209,0.5196759012156498,1.0,ex-post,-3
SIPP,0,true,1994,3,0.6866149374935588,3.421985014838281,0.31338506250644144,0.016954589068202193,0.08296451150961835,0.5866958369157379,1.0,ex-post,7
FTP,1,true,1994,2,0.43647728542479874,2.60451925670139,0.5635227145752016,0.13838611773682893,0.1838129417217111,0.11427822596625858,1.0,ex-post,6
FTP,1,true,1994,3,0.4720819865519991,2.706574982211627,0.5279180134480009,0.1086541360247421,0.21192646854008218,0.15150138198717486,1.8265682656826567,ex-post,7
FTP,1,true,1995,0,0.5122948828271804,2.8092655828575235,0.48770511717281956,0.07976415967885518,0.2322901482324103,0.20024057491591502,2.643911439114391,ex-post,8
FTP,1,true,1995,1,0.5367498563921429,2.8674535264199092,0.46325014360785716,0.08169233513216288,0.22191185635151142,0.23314566490846877,3.396678966789668,ex-post,9
FTP,1,true,1995,2,0.5538166802347009,2.918379035167389,0.4461833197652991,0.0806417481698936,0.21617887354925808,0.25699605851554913,4.07380073800738,ex-post,10
FTP,1,true,1995,3,0.5717132740392432,2.9655115944432398,0.42828672596075656,0.07039754205682237,0.2145052935978064,0.28681043838461456,4.68450184501845,ex-post,11
FTP,1,true,1996,0,0.6158210484579808,3.009019098554522,0.3841789515420194,0.08049217751545569,0.21875045684155495,0.3165784141009701,5.2380073800738005,ex-post,12
FTP,1,true,1996,1,0.6243708397369638,3.0544695371105814,0.375629160263036,0.0704658399439064,0.21430927770337774,0.3395957220896799,5.752767527675276,ex-post,13
FTP,1,true,1996,2,0.6541056674098894,3.0992309892519168,0.3458943325901099,0.06320120122208092,0.2149320273030969,0.37597243888471227,5.870848708487085,ex-post,14
FTP,1,true,1996,3,0.6484373858699665,3.120497371835185,0.3515626141300335,0.06341651229573272,0.19461680449273047,0.3904040690815034,5.946494464944649,ex-post,15
FTP,1,true,1997,0,0.6206467491135396,3.1349382007992057,0.3793532508864603,0.057297770403231474,0.16822320067381502,0.3951257780364932,6.011070110701107,ex-post,16
FTP,1,true,1997,1,0.6285908137763856,3.142847940330113,0.37140918622361435,0.06244445109097555,0.1527921515053872,0.4133542111800226,6.062730627306273,ex-post,17
FTP,1,true,1997,2,0.6367599237616721,3.157204262002958,0.36324007623832805,0.06178969567564062,0.1497374830823014,0.4252327450037295,6.108856088560886,ex-post,18
FTP,1,true,1997,3,0.6223302901873442,3.172502218543966,0.37766970981265596,0.0604148072305919,0.1342286015174783,0.42768688143927386,6.130996309963099,ex-post,19
FTP,1,true,1998,0,0.6002403620497386,3.1597990513281555,0.39975963795026065,0.05028706300238002,0.12349544809262014,0.4264578509547391,6.1531365313653135,ex-post,20
FTP,1,true,1998,1,0.6078507352385973,3.158457377732748,0.39214926476140266,0.05215873719091059,0.11635607497132038,0.4393359230763667,6.171586715867159,ex-post,21
FTP,1,true,1998,2,0.6093903880371176,3.1814328812978263,0.390609611962882,0.0435399973055061,0.11600613258755994,0.449844258144052,6.193726937269373,ex-post,22
FTP,1,true,1998,3,0.5884087282161922,3.170753724212032,0.41159127178380817,0.04338421120873984,0.11642664302764538,0.4285978739798066,6.207024029574861,ex-post,23
FTP,1,true,1999,0,0.5866318823376201,3.145945238556111,0.41336811766238035,0.05124192522750378,0.1146003418204914,0.4207896152896246,6.227777777777778,ex-post,24
MFIP,0,true,1994,2,0.4610922919063609,2.613363570113786,0.5389077080936392,0.1532445575282349,0.21720851327614143,0.09063922110198469,1.0,ex-post,6
MFIP,0,true,1994,3,0.4655594740551349,2.7081013501596916,0.5344405259448652,0.11494315511836205,0.20603194420037524,0.14458437473639743,1.0,ex-post,7
MFIP,0,true,1995,0,0.45262274303025957,2.7727903399560767,0.5473772569697402,0.08210348626358478,0.18490997532850809,0.185609281438167,1.0,ex-post,8
MFIP,0,true,1995,1,0.4556753060052528,2.8367043595522827,0.5443246939947471,0.06701059436391685,0.17324769345404226,0.21541701818729386,1.0,ex-post,9
MFIP,0,true,1995,2,0.49184721982248614,2.8721869017854584,0.5081527801775139,0.07503087855277824,0.1696449447859792,0.24717139648372838,1.0,ex-post,10
MFIP,0,true,1995,3,0.5141712627396982,2.910680441321869,0.4858287372603018,0.07663805253204058,0.16344069131755085,0.27409251889010666,1.0,ex-post,11
MFIP,0,true,1996,0,0.5439043967206327,2.9753843310414436,0.45609560327936727,0.07536395532697432,0.15182464634500117,0.31671579504865777,1.0,ex-post,12
MFIP,0,true,1996,1,0.5642397380817269,3.0345609656760897,0.4357602619182731,0.06574056704429697,0.15004189687578307,0.3484572741616468,1.0,ex-post,13
MFIP,0,true,1996,2,0.5791802883453883,3.0955891681116805,0.4208197116546115,0.050376317450348304,0.1455500395204031,0.38325393137463687,1.0,ex-post,14
MFIP,0,true,1996,3,0.5851108696604765,3.1371361817718686,0.41488913033952357,0.04072413173704598,0.13726368080106846,0.4071230571223617,1.0,ex-post,15
MFIP,0,true,1997,0,0.5951546224105967,3.150701032091864,0.40484537758940353,0.04197190800431669,0.13089474853082675,0.4222879658754536,1.0,ex-post,16
MFIP,0,true,1997,1,0.5976849908615584,3.170387320494444,0.40231500913844154,0.039156808262457335,0.1294037849227503,0.4291243976763504,1.0,ex-post,17
MFIP,0,true,1997,2,0.6333458734268292,3.18389817874567,0.36665412657317115,0.05329153661799548,0.12933298127589676,0.4507213555329364,1.0,ex-post,18
MFIP,0,true,1997,3,0.6617233452006758,3.241362638642999,0.3382766547993245,0.054566932799561076,0.11943216476933295,0.48772424763178135,1.0,ex-post,19
MFIP,0,true,1998,0,0.6913897474615079,3.2821719661627253,0.3086102525384918,0.05592909222103407,0.11409415889894878,0.5213664963415252,1.0,ex-post,20
MFIP,0,true,1998,1,0.6815122500883235,3.312790971390693,0.3184877499116761,0.049626429087954275,0.10556755984274115,0.5263182611576281,1.0,ex-post,21
MFIP,0,true,1998,2,0.680771642137405,3.318640893579528,0.3192283578625952,0.05059698170554236,0.10710345465721414,0.5230712057746483,1.0,ex-post,22
MFIP,0,true,1998,3,0.666961888528537,3.2980464766688593,0.33303811147146306,0.05688292851871016,0.10070764727280608,0.5093713127370209,1.0,ex-post,23
SIPP,0,true,1995,3,0.7143427716355641,3.4447338171190918,0.285657228364436,0.008747479113155104,0.08572904762158909,0.6198662449008199,1.0,ex-post,11
CTJF,0,true,1996,2,0.520589429766626,2.7189701340671486,0.4794105702333737,0.14414337707076538,0.23651354680607375,0.1399325058897868,1.0,ex-post,14
CTJF,0,true,1996,3,0.5290230273404122,2.781652309244742,0.4709769726595879,0.11431942630592343,0.22838007132233648,0.18632352971215208,1.0,ex-post,15
CTJF,0,true,1997,0,0.5328509702187338,2.8325405019823537,0.4671490297812662,0.10357278104996574,0.21205439534859422,0.2172237938201736,1.0,ex-post,16
CTJF,0,true,1997,1,0.5451305106916823,2.8876410920498663,0.4548694893083182,0.08921275996993797,0.20586197406815465,0.25005577665358963,1.0,ex-post,17
CTJF,0,true,1997,2,0.5646741974089067,2.944036730550416,0.43532580259109316,0.08370606946195461,0.20367791608342242,0.27729021186352976,1.0,ex-post,18
CTJF,0,true,1997,3,0.5792970765198795,2.972602302442369,0.4207029234801206,0.09113913097457324,0.18888012266197152,0.2992778228833345,1.0,ex-post,19
CTJF,0,true,1998,0,0.5879572761156745,3.0131982375004704,0.4120427238843254,0.08313618706905622,0.18088412720394823,0.32393696184267035,1.0,ex-post,20
CTJF,0,true,1998,1,0.5977152296176562,3.04771267622001,0.4022847703823442,0.07565699784140019,0.1743104284715781,0.3477478033046777,1.0,ex-post,21
CTJF,0,true,1998,2,0.6172484799928145,3.084921809736738,0.3827515200071852,0.07488317420786565,0.1704948125023263,0.37187049328262317,1.0,ex-post,22
CTJF,0,true,1998,3,0.6288831801960877,3.1145384796680466,0.37111681980391237,0.06701476142187052,0.17387432998609542,0.38799408878812147,1.0,ex-post,23
CTJF,0,true,1999,0,0.6406694438159067,3.14454391294138,0.3593305561840929,0.07018988014858105,0.16249400182941826,0.40798556183790713,1.0,ex-post,24
CTJF,0,true,1999,1,0.649416052460446,3.1763146706313483,0.35058394753955413,0.06522049697948892,0.1504737319066212,0.43372182357433586,1.0,ex-post,25
CTJF,0,true,1999,2,0.6655436461739674,3.2146410052251135,0.33445635382603295,0.059909329432733145,0.14604714108618733,0.45958717565504675,1.0,ex-post,26
CTJF,0,true,1999,3,0.6727019461298218,3.258620166699872,0.3272980538701781,0.04951620552118909,0.14251991160287106,0.4806658290057615,1.0,ex-post,27
CTJF,0,true,2000,0,0.6640889846109416,3.2678077399377736,0.3359110153890577,0.0489632259519203,0.12694430204233312,0.4881814566166891,1.0,ex-post,28
CTJF,0,true,2000,1,0.659476859368974,3.2626102655684965,0.3405231406310262,0.050247746045183665,0.12712124990220589,0.4821078634215846,1.0,ex-post,29
CTJF,0,true,2000,2,0.6613890177207379,3.2634411863462103,0.3386109822792623,0.04170827384767639,0.1359412857081006,0.4837394581649605,1.0,ex-post,30
CTJF,0,true,2000,3,0.6647664278323515,3.2800187827653144,0.33523357216764865,0.03931901593596537,0.12908112827432763,0.4963662836220576,1.0,ex-post,31
CTJF,0,true,2001,0,0.6965921258973343,3.3697872342601416,0.3034078741026657,0.04256567320104,0.1130319457941552,0.5409945069021396,1.0,ex-post,32
MFIP,2,true,1994,2,0.4510097764140397,2.4899706194768654,0.5489902235859605,0.1819888020542649,0.2111790842737266,0.0578418900860483,1.0,ex-post,6
MFIP,2,true,1994,3,0.5086513704235276,2.6031253411091195,0.49134862957647246,0.15082858793784226,0.25042059230687297,0.1074021901788123,1.0,ex-post,7
MFIP,2,true,1995,0,0.5073376437780784,2.6851373819252453,0.49266235622192145,0.11886902905769901,0.24498340094284288,0.1434852137775366,1.0,ex-post,8
MFIP,2,true,1995,1,0.5173120272847878,2.7385091555357377,0.48268797271521224,0.10009897323410748,0.24893625288632384,0.16827680116435606,1.0,ex-post,9
MFIP,2,true,1995,2,0.5118476228653381,2.8012199327888507,0.488152377134662,0.0804680355697816,0.2386108064834269,0.19276878081212942,1.0,ex-post,10
MFIP,2,true,1995,3,0.5229781574510757,2.8251827634431628,0.47702184254892427,0.0775738294532526,0.22738744101929168,0.21801688697853142,1.0,ex-post,11
MFIP,2,true,1996,0,0.5310564095038203,2.856506063484906,0.46894359049617973,0.07498963122215727,0.2213467369285039,0.23472004135315877,1.0,ex-post,12
MFIP,2,true,1996,1,0.5281227987771739,2.8823007321773693,0.4718772012228259,0.0709658996557374,0.20922320392122887,0.24793369520020728,1.0,ex-post,13
MFIP,2,true,1996,2,0.5529243023591064,2.9331131384524722,0.44707569764089344,0.06931124684903961,0.1967805688762275,0.28683248663383953,1.0,ex-post,14
MFIP,2,true,1996,3,0.5990541025835815,2.991618133468007,0.4009458974164187,0.07703234728088591,0.1924906481088753,0.32953110719381984,1.0,ex-post,15
MFIP,2,true,1997,0,0.6070461092249219,3.0445144237133293,0.39295389077507814,0.07058868332909839,0.17796275986193524,0.3584946660338881,1.0,ex-post,16
MFIP,2,true,1997,1,0.619171490207982,3.0692743340825484,0.3808285097920178,0.07208892075657802,0.17291091897225502,0.3741716504791491,1.0,ex-post,17
MFIP,2,true,1997,2,0.6614806766784589,3.1113660409841377,0.3385193233215413,0.07518761796612933,0.1843694709372759,0.4019235877750539,1.0,ex-post,18
MFIP,2,true,1997,3,0.6724571859067558,3.164205210231073,0.32754281409324415,0.06938808562880908,0.1789503817318372,0.4241187185461099,1.0,ex-post,19
MFIP,2,true,1998,0,0.6700641867388868,3.180444309790312,0.32993581326111293,0.07081889294134208,0.17107928507612308,0.4281660087214214,1.0,ex-post,20
MFIP,2,true,1998,1,0.6515426025871435,3.1916658071799557,0.34845739741285603,0.061980849238317925,0.15568320974002597,0.4338785436088004,1.0,ex-post,21
MFIP,2,true,1998,2,0.6845160825023263,3.225301704094134,0.3154839174976739,0.058174290960219185,0.16982917543833972,0.45651261610376714,1.0,ex-post,22
MFIP,2,true,1998,3,0.6860596049183376,3.251269341657574,0.31394039508166216,0.04982873758126179,0.17183005118189215,0.4644008161551839,1.0,ex-post,23
MFIP,2,false,1994,2,0.6184903612542659,2.681112741969574,0.38150963874573396,0.14456150640080506,0.37182084235998175,0.10210801249347927,1.0,ex-post,6
MFIP,2,false,1994,3,0.45122021267517576,2.7513895519333076,0.5487797873248242,0.07047934193863468,0.2423567205765211,0.13838415016002,1.0,ex-post,7
MFIP,2,false,1995,0,0.5636924869878556,2.875941806492174,0.4363075130121445,0.08970236380920865,0.26370028385443894,0.2102898393242079,1.0,ex-post,8
MFIP,2,false,1995,1,0.6200062511716082,2.944199312551736,0.37999374882839165,0.11364865460421739,0.2740647749533451,0.23229282161404594,1.0,ex-post,9
MFIP,2,false,1995,2,0.6974009465300012,3.0663340835347244,0.302599053469999,0.08472892836148015,0.29831371076468,0.314358307403841,1.0,ex-post,10
MFIP,2,false,1995,3,0.7036500757861147,3.162916510896507,0.2963499242138852,0.05237162531030958,0.30398207936755284,0.34729637110825234,1.0,ex-post,11
MFIP,2,false,1996,0,0.669810011812324,3.285659118034171,0.3301899881876761,0.008520602090851502,0.24821134877942275,0.41307806094204974,1.0,ex-post,12
MFIP,2,false,1996,1,0.6900849759090723,3.2886490707786966,0.3099150240909277,0.01333755074011369,0.23536225742728367,0.4413851677416748,1.0,ex-post,13
MFIP,2,false,1996,2,0.6846491073131469,3.2600346158282094,0.3153508926868533,0.048461036721791,0.193676147262309,0.4425119233290467,1.0,ex-post,14
MFIP,2,false,1996,3,0.6426218325260336,3.281559849181327,0.3573781674739664,0.026268217679679316,0.16724341848684537,0.44911019635950883,1.0,ex-post,15
MFIP,2,false,1997,0,0.6486758351991025,3.2557229295850663,0.35132416480089756,0.00836935392018243,0.13544380975955583,0.5048626715193643,1.0,ex-post,16
MFIP,2,false,1997,1,0.6950315954440845,3.344446725545352,0.30496840455591545,0.010935154380221206,0.12785212811073424,0.556244312953129,1.0,ex-post,17
MFIP,2,false,1997,2,0.779999279659431,3.441963317342147,0.22000072034056906,0.047161712937399076,0.10566016305737222,0.6271774036646598,1.0,ex-post,18
MFIP,2,false,1997,3,0.7287999285836996,3.479080472790683,0.27120007141630037,0.04674404958098708,0.10459495523508329,0.5774609237676293,1.0,ex-post,19
MFIP,2,false,1998,0,0.6726206369144597,3.3053061355292517,0.3273793630855404,0.04323424248562186,0.08730229574127882,0.542084098687559,1.0,ex-post,20
MFIP,2,false,1998,1,0.7323622347896775,3.283219935808674,0.2676377652103224,0.0901672759866551,0.0947069974952416,0.5474879613077808,1.0,ex-post,21
MFIP,2,false,1998,2,0.8286737907618595,3.546455694306654,0.17132620923814046,0.035299192974589944,0.12044275864697883,0.6729318391402908,1.0,ex-post,22
MFIP,2,false,1998,3,0.8690752317584283,3.5471972467983335,0.1309247682415718,0.02591720372343213,0.18476451898845353,0.6583935090465427,1.0,ex-post,23
CTJF,1,false,1996,2,0.6286480599943112,2.777373220163013,0.3713519400056889,0.1597638289164513,0.318355530752553,0.1505287003253067,1.0,ex-post,14
CTJF,1,false,1996,3,0.6681791527870651,2.8212657066381284,0.331820847212935,0.13438313699885374,0.34123047326808675,0.19256554252012462,1.75,ex-post,15
CTJF,1,false,1997,0,0.668870413278416,3.003863518316982,0.33112958672158405,0.06625298528252357,0.2927920468823888,0.30982538111350344,2.6,ex-post,16
CTJF,1,false,1997,1,0.6777251715011012,3.0884941348929558,0.32227482849889877,0.06047268485272029,0.2522015202700189,0.3650509663783621,3.3333333333333335,ex-post,17
CTJF,1,false,1997,2,0.6354397004405362,3.1058483857651846,0.36456029955946356,0.061075929115871466,0.19115691953655808,0.3832068517881069,3.966666666666667,ex-post,18
CTJF,1,false,1997,3,0.5885158162676839,3.072876136998096,0.41148418373231593,0.05973665438972586,0.16904590571256065,0.3597332561653975,4.533333333333333,ex-post,19
CTJF,1,false,1998,0,0.6331497708092947,3.077034977054016,0.3668502291907053,0.06895985083821773,0.16096133259870546,0.40322858737237155,5.05,ex-post,20
CTJF,1,false,1998,1,0.7074023140063233,3.179149881786385,0.29259768599367686,0.08013665853890777,0.16361721088392145,0.463648444583494,5.566666666666666,ex-post,21
CTJF,1,false,1998,2,0.6824241522501737,3.215288674983102,0.31757584774982617,0.04298759500179691,0.17027286676204986,0.4691636904863273,6.1,ex-post,22
CTJF,1,false,1998,3,0.6366462722329916,3.2743812238501864,0.36335372776700847,0.020658642455015478,0.15018803303591047,0.4657995967420655,6.233333333333333,ex-post,23
CTJF,1,false,1999,0,0.6614639417944664,3.273101008047324,0.33853605820553345,0.012959875189866096,0.1621318476802906,0.48637221892431,6.333333333333333,ex-post,24
CTJF,1,false,1999,1,0.6455836285442638,3.23486541005241,0.35441637145573623,0.034345969346280494,0.14228218640655013,0.46895547279143324,6.4,ex-post,25
CTJF,1,false,1999,2,0.6476942355335663,3.269135069012063,0.3523057644664335,0.03790264682883009,0.1303551371003136,0.47943645160442294,6.483333333333333,ex-post,26
CTJF,1,false,1999,3,0.7187918097052981,3.299448218887396,0.28120819029470195,0.027094017923016134,0.16932276566572227,0.5223750261165596,6.55,ex-post,27
CTJF,1,false,2000,0,0.8216508990089719,3.4070564007067765,0.17834910099102816,0.039626411272991005,0.2066937420434072,0.5753307456925736,6.6,ex-post,28
CTJF,1,false,2000,1,0.8446853126675975,3.4708447283372115,0.15531468733240256,0.04155321400757853,0.18563864178630526,0.6174934568737136,6.65,ex-post,29
CTJF,1,false,2000,2,0.8486915538261098,3.537060878502309,0.15130844617389022,0.03942641765297264,0.16051290761781628,0.6487522285553208,6.683333333333334,ex-post,30
MFIP,1,true,1994,2,0.4662936416332802,2.5224125221675497,0.5337063583667196,0.18331627461141645,0.20803522882969536,0.07494213819216836,1.0,ex-post,6
MFIP,1,true,1994,3,0.5262322811115008,2.6495200081659465,0.4737677188884994,0.14671331321279915,0.2614028766265775,0.11811609127212408,1.0,ex-post,7
MFIP,1,true,1995,0,0.5753064815162978,2.76538374785838,0.42469351848370235,0.12123370263548972,0.28390428011032115,0.17016849877048706,1.0,ex-post,8
MFIP,1,true,1995,1,0.5560336889128692,2.8250479598258478,0.44396631108713075,0.0939771879335857,0.2672951619834152,0.19476133899586867,1.0,ex-post,9
MFIP,1,true,1995,2,0.5804820719618843,2.9004753257417106,0.41951792803811616,0.07497691321871422,0.26519779442956426,0.2403073643136057,1.0,ex-post,10
MFIP,1,true,1995,3,0.6159867881176397,2.9389772648872645,0.38401321188236043,0.08331620503257256,0.2646709726783405,0.267999610406727,1.0,ex-post,11
MFIP,1,true,1996,0,0.6238704517503717,3.003202052834624,0.3761295482496278,0.07086608224494444,0.25108198726210224,0.30192238224332535,1.0,ex-post,12
MFIP,1,true,1996,1,0.6383959817799362,3.036069494615161,0.361604018220064,0.0764928096939147,0.24289229030818132,0.31901088177783965,1.0,ex-post,13
MFIP,1,true,1996,2,0.6612068295449466,3.0827644461419967,0.33879317045505275,0.07244423709196915,0.232005824508321,0.35675676794465677,1.0,ex-post,14
MFIP,1,true,1996,3,0.6831677585872691,3.121131579225116,0.3168322414127311,0.07337550061725115,0.21973240451511714,0.3900598534549006,1.0,ex-post,15
MFIP,1,true,1997,0,0.6482629071620398,3.1553872535868246,0.3517370928379601,0.06285083610341756,0.1817458520273367,0.40366621903128563,1.0,ex-post,16
MFIP,1,true,1997,1,0.6632235251872011,3.1568097745759984,0.3367764748127989,0.0681809168093126,0.17376102576717595,0.4212815826107123,1.0,ex-post,17
MFIP,1,true,1997,2,0.6568750402267126,3.194108543664245,0.3431249597732877,0.05438876877356306,0.16648056418090343,0.4360057072722459,1.0,ex-post,18
MFIP,1,true,1997,3,0.6902093715501587,3.218887875210156,0.3097906284498414,0.0524933511196432,0.17149556074844824,0.46622045968206727,1.0,ex-post,19
MFIP,1,true,1998,0,0.6918038431471333,3.2506411132302047,0.3081961568528675,0.057512148405979416,0.1629338382456045,0.47135785649554923,1.0,ex-post,20
MFIP,1,true,1998,1,0.6685162364632993,3.2576701758927986,0.3314837635367007,0.04746273072700745,0.15081792178424952,0.4702355839520427,1.0,ex-post,21
MFIP,1,true,1998,2,0.6769231583616048,3.2770697170133376,0.32307684163839473,0.0368328887698609,0.14127992382800664,0.49881034576373756,1.0,ex-post,22
MFIP,1,true,1998,3,0.6892437183022438,3.2989718110771964,0.3107562816977559,0.04418600621227617,0.15839126708767853,0.4866664450022895,1.0,ex-post,23
MFIP,1,false,1994,2,0.8015213126772704,2.922897159039542,0.1984786873227295,0.18910881685119388,0.39356954790755766,0.21884294791851902,1.0,ex-post,6
MFIP,1,false,1994,3,0.7594109266612783,3.088137915448437,0.24058907333872168,0.11511950986672759,0.33425515414506124,0.3100362626494894,1.0,ex-post,7
MFIP,1,false,1995,0,0.731639876894974,3.080859637785058,0.2683601231050259,0.1099025661086262,0.27673180090218386,0.3450055098841641,1.0,ex-post,8
MFIP,1,false,1995,1,0.7500965735942564,3.1235272682888926,0.24990342640574373,0.11264879739564486,0.26391702851576243,0.3735307476828491,1.0,ex-post,9
MFIP,1,false,1995,2,0.7739613135354024,3.1760575201512813,0.22603868646459754,0.11322207866483142,0.2375354008870921,0.42320383398347877,1.0,ex-post,10
MFIP,1,false,1995,3,0.7323955847336651,3.189226393127358,0.26760441526633477,0.08896264552452399,0.19642243721170488,0.4470105019974362,1.0,ex-post,11
MFIP,1,false,1996,0,0.6964679188671635,3.2041611129934986,0.3035320811328363,0.10328711200698398,0.17802046087230494,0.415160345987875,1.0,ex-post,12
MFIP,1,false,1996,1,0.6954440491360422,3.220289045162234,0.30455595086395776,0.06497218674986013,0.1638765273604044,0.4665953350257778,1.0,ex-post,13
MFIP,1,false,1996,2,0.7464643618763277,3.320174360755178,0.25353563812367236,0.05381129327509892,0.15846697208268465,0.534186096518544,1.0,ex-post,14
MFIP,1,false,1996,3,0.7201964282734837,3.371649168734405,0.2798035717265163,0.02819243536720244,0.1501798987525338,0.5418240941537477,1.0,ex-post,15
MFIP,1,false,1997,0,0.7860568988841408,3.3696295070837077,0.21394310111585932,0.05602571883343904,0.16864032104082832,0.5613908590098733,1.0,ex-post,16
MFIP,1,false,1997,1,0.7957731717172006,3.400136641327966,0.2042268282827993,0.04848703361286708,0.1834914376935947,0.5637947004107389,1.0,ex-post,17
MFIP,1,false,1997,2,0.842665050915168,3.489018848504986,0.15733494908483198,0.04598011758174835,0.17352858701403054,0.6231563463193891,1.0,ex-post,18
MFIP,1,false,1997,3,0.8117137214362462,3.556423385538928,0.18828627856375382,0.022986716204249732,0.15151216192946032,0.6372148433025362,1.0,ex-post,19
MFIP,1,false,1998,0,0.7366685525743817,3.5067251462869296,0.26333144742561837,0.021685792453183774,0.1304240391867449,0.584558720934453,1.0,ex-post,20
MFIP,1,false,1998,1,0.7597221488205917,3.502469708747738,0.2402778511794081,0.020174589472323066,0.11403303213007905,0.6255145272181899,1.0,ex-post,21
MFIP,1,false,1998,2,0.778149906098759,3.4398526303667736,0.22185009390124102,0.036256031910443604,0.12178211175968683,0.6201117624286286,1.0,ex-post,22
MFIP,1,false,1998,3,0.6104683276561702,3.349876815489805,0.3895316723438297,0.04551561129105193,0.022811826105127508,0.5421408902599908,1.0,ex-post,23
FTP,1,true,1999,1,0.6236936951668727,3.196061337881463,0.37630630483312744,0.05597995688193858,0.09849063664528597,0.4692231016396481,6.1437125748503,ex-post,25
CTJF,1,false,2000,3,0.7774656542986033,3.6063709318873,0.22253434570139666,0.0013002159149163156,0.0997092604187701,0.6764561779649169,7.25,ex-post,31
CTJF,1,false,2001,0,0.7572749394587565,3.587508080697943,0.24272506054124363,0.004805416503345221,0.005748016597585678,0.7467215063578256,7.9375,ex-post,32
SIPP,0,true,1993,1,0.6158129615546416,3.667303634565136,0.3841870384453615,0.043604005990400846,0.11491409894483146,0.4572948566194067,1.0,ex-ante,1
SIPP,0,true,1993,2,0.6163930649035825,3.668842805148614,0.3836069350964204,0.04342093732739329,0.11457344248717317,0.45839868508901305,1.0,ex-ante,2
SIPP,0,true,1994,0,0.6161562638605876,3.668104166844328,0.3838437361394148,0.043505351051477764,0.11472438847551021,0.4579265243335949,1.0,ex-ante,4
SIPP,0,true,1994,1,0.61620762531632,3.6681617599206113,0.3837923746836828,0.04349524212989013,0.11470413736106286,0.4580082458253654,1.0,ex-ante,5
SIPP,0,true,1994,2,0.6166384935121264,3.669423370306175,0.3833615064878766,0.04334367092665343,0.1144132610565492,0.45888156152892196,1.0,ex-ante,6
SIPP,0,true,1995,0,0.6196291804115864,3.6759978819109658,0.3803708195884123,0.04258317944434237,0.11304261876489345,0.46400338220235265,1.0,ex-ante,8
SIPP,0,true,1995,1,0.6200841454370921,3.6771400737756927,0.37991585456290733,0.04244373287848626,0.11276632818025446,0.46487408437835287,1.0,ex-ante,9
SIPP,0,true,1995,2,0.6194985777433604,3.6756090662454106,0.3805014222566387,0.042620442671755576,0.11310933118087296,0.4637688038907337,1.0,ex-ante,10
FTP,0,true,1994,2,0.4623659920671211,2.868912092941957,0.5376340079328784,0.1579651380121942,0.18861234092484286,0.1157885131300846,1.0,ex-ante,6
FTP,0,true,1994,3,0.4887915849257876,3.0502631501523734,0.5112084150742129,0.12607708547631288,0.20184877655360062,0.1608657228958731,1.0,ex-ante,7
FTP,0,true,1995,0,0.5081188163530047,3.171420199222721,0.49188118364699485,0.10484566156623176,0.20532722217812852,0.19794593260864565,1.0,ex-ante,8
FTP,0,true,1995,1,0.5223585036643635,3.256634379852482,0.47764149633563624,0.09059451808372752,0.2034452244336644,0.22831876114697183,1.0,ex-ante,9
FTP,0,true,1995,2,0.5329391999742066,3.3187242611915786,0.4670608000257942,0.08094776370363883,0.19886119980675332,0.2531302364638126,1.0,ex-ante,10
FTP,0,true,1995,3,0.5408775704926814,3.3651333883121084,0.45912242950731835,0.07436053422398606,0.19314713788834825,0.2733698983803481,1.0,ex-ante,11
FTP,0,true,1996,0,0.5468985945570709,3.4004920062777657,0.45310140544292815,0.06982182881520703,0.18720177731831858,0.2898749884235442,1.0,ex-ante,12
FTP,0,true,1996,1,0.5515204421199194,3.42783489754972,0.44847955788008115,0.06666553765242546,0.1815114763661494,0.3033434281013435,1.0,ex-ante,13
FTP,0,true,1996,2,0.555114460224067,3.449233651378998,0.44488553977593315,0.06444968736054721,0.17631422495435808,0.3143505479091588,1.0,ex-ante,14
FTP,0,true,1996,3,0.5579476085653446,3.466148348699588,0.4420523914346566,0.06287887965845894,0.17170210681626122,0.3233666220906253,1.0,ex-ante,15
FTP,0,true,1997,0,0.5602125092807441,3.479634438836582,0.4397874907192565,0.06175420002585202,0.16768472267034595,0.3307735865845466,1.0,ex-ante,16
FTP,0,true,1997,1,0.5620487487679052,3.4904702898262636,0.43795125123209405,0.06094067944582491,0.164227933163205,0.3368801361588773,1.0,ex-ante,17
FTP,0,true,1997,2,0.563557995569743,3.49923907723036,0.43644200443025655,0.060346028913328825,0.16127707757466114,0.34193488908175174,1.0,ex-ante,18
FTP,0,true,1997,3,0.564814742925246,3.5063832426790333,0.43518525707475386,0.05990665220589331,0.1587704992084016,0.3461375915109506,1.0,ex-ante,19
FTP,0,true,1998,0,0.5658739527350832,3.51224183504451,0.4341260472649192,0.0595783845274455,0.15664708166290756,0.34964848654472747,1.0,ex-ante,20
FTP,0,true,1998,1,0.5667765029713133,3.517076794061353,0.43322349702868584,0.05933031807924723,0.15485013980317092,0.35259604508889697,1.0,ex-ante,21
FTP,0,true,1998,2,0.5675530763521944,3.521091862426866,0.4324469236478068,0.05914065664108425,0.15332913975308943,0.35508327995802047,1.0,ex-ante,22
FTP,0,true,1998,3,0.5682269416708062,3.5244464424534057,0.43177305832919355,0.05899391250036262,0.15204016748019725,0.35719286169024755,1.0,ex-ante,23
FTP,0,true,1999,0,0.568808021530568,3.5272582224363784,0.4311919784694326,0.05888068540323799,0.150942641794578,0.3589846943327509,1.0,ex-ante,24
FTP,0,true,1999,1,0.5703145589905535,3.533952408637885,0.42968544100944633,0.05829106079636424,0.149006173240702,0.3630173249534868,1.0,ex-ante,25
CTJF,1,true,1996,2,0.5016665194490668,2.9358504959471707,0.49833348055093313,0.14814052802314745,0.23068631239238266,0.12283967903353861,1.0,ex-ante,14
CTJF,1,true,1996,3,0.5477621062171317,3.0717888870604635,0.4522378937828683,0.13099940661060416,0.24247717460698623,0.17428552499954153,1.9111097655896279,ex-ante,15
CTJF,1,true,1997,0,0.5790323782728677,3.1718579179116633,0.420967621727132,0.11574680919637295,0.24557711637783747,0.21770845269865646,2.797355770911281,ex-ante,16
CTJF,1,true,1997,1,0.6005377842435927,3.2486736166744485,0.3994622157564078,0.1031393683692883,0.24330280118815578,0.254095614686148,3.6591499613589114,ex-ante,17
CTJF,1,true,1997,2,0.6155633966424252,3.308988557302889,0.3844366033575747,0.09312685082465513,0.23796873849536268,0.2844678073224083,4.496233498845369,ex-ante,18
CTJF,1,true,1997,3,0.6262297614698534,3.357022337772035,0.37377023853014746,0.08534684079994488,0.23110696393177224,0.3097759567381366,5.310365784502277,ex-ante,19
CTJF,1,true,1998,0,0.6339353628636284,3.395654523134839,0.3660646371363706,0.0793747449820688,0.2236945855217999,0.33086603235975987,6.102989695079199,ex-ante,20
CTJF,1,true,1998,1,0.6395843172792338,3.426988791290168,0.3604156827207657,0.07480850687368801,0.216315268948357,0.34846054145718913,6.8755969697865655,ex-ante,21
CTJF,1,true,1998,2,0.6436975940282237,3.4526673082649544,0.3563024059717739,0.07128436335011101,0.2092667654182639,0.36314646525985056,7.625410195056738,ex-ante,22
CTJF,1,true,1998,3,0.6449536517247506,3.4753923952243277,0.3550463482752512,0.06792294880881417,0.20205712003436704,0.3749735828815672,7.734295127856345,ex-ante,23
CTJF,1,true,1999,0,0.6444058060714738,3.4950599478581013,0.3555941939285279,0.06496947453371577,0.1950177128020284,0.3844186187357285,7.820082389706584,ex-ante,24
CTJF,1,true,1999,1,0.6428150339742636,3.5117974051405447,0.3571849660257373,0.06250513890481094,0.1883868018837675,0.391923093185684,7.8905086107287365,ex-ante,25
CTJF,1,true,1999,2,0.640679776478639,3.52588742290176,0.3593202235213614,0.060511615280677285,0.18230004193914306,0.3978681192588174,7.949844742818356,ex-ante,26
CTJF,1,true,1999,3,0.6383165216815937,3.537671154930255,0.36168347831840664,0.05892882373549881,0.17681528805194507,0.40257240989414866,8.000851877411783,ex-ante,27
CTJF,1,true,2000,0,0.6359367420803413,3.547475419311298,0.3640632579196591,0.05769180228509695,0.17194383538318092,0.4063011044120624,8.045469512746571,ex-ante,28
CTJF,1,true,2000,1,0.6336692721744613,3.55560793903746,0.36633072782553977,0.05673654961280647,0.167663471231296,0.40926925133035735,8.085146373853158,ex-ante,29
CTJF,1,true,2000,2,0.6316143373297608,3.562430425837361,0.36838566267023765,0.055994697247693064,0.1639111220905096,0.41170851799155916,8.119813531547905,ex-ante,30
CTJF,1,true,2000,3,0.6299958777514159,3.5686044405487176,0.3700041222485849,0.05532682827666664,0.16062409099804015,0.4140449584767087,8.149332673158893,ex-ante,31
CTJF,1,true,2001,0,0.6281867788111811,3.572684925014495,0.3718132211888194,0.054951452445553856,0.1580353650830562,0.41519996128257053,8.208862249664788,ex-ante,32
SIPP,0,true,1992,2,0.6137367189226481,3.6632914674870056,0.38626328107735114,0.044051473104911136,0.11563853379044314,0.4540467120272953,1.0,ex-ante,-2
SIPP,0,true,1992,3,0.6107914725576695,3.6557617403068274,0.38920852744233037,0.04496987008490673,0.11743567581851179,0.4483859266542518,1.0,ex-ante,-1
SIPP,0,true,1993,0,0.6127351360180682,3.6605920493778448,0.3872648639819321,0.04437751810164306,0.11627321226097438,0.45208440565545194,1.0,ex-ante,0
SIPP,0,true,1993,3,0.6145187455612664,3.6644548092665534,0.38548125443873366,0.04394105724565251,0.11551605335040742,0.4550616349652079,1.0,ex-ante,3
SIPP,0,true,1992,1,0.6125433181182651,3.660032673420279,0.3874566818817342,0.04443520364668292,0.11636650294484399,0.45174161152673986,1.0,ex-ante,-3
SIPP,0,true,1994,3,0.6136975124389497,3.662641846576628,0.3863024875610491,0.04414603442255091,0.11587363280431388,0.45367784521208715,1.0,ex-ante,7
FTP,1,true,1994,2,0.45688728857347155,2.8496150668682634,0.5431127114265284,0.160635836007088,0.18807766338315676,0.1081737891832256,1.0,ex-ante,6
FTP,1,true,1994,3,0.5149244584086089,3.031943701924538,0.48507554159139055,0.1388281905397024,0.2136577631034528,0.16243850476545488,1.7813101395795814,ex-ante,7
FTP,1,true,1995,0,0.5520611975626077,3.152452764024397,0.4479388024373913,0.12013217340688168,0.22444029215854186,0.20748873199718518,2.515520406734182,ex-ante,8
FTP,1,true,1995,1,0.5759365486901229,3.2390582074793417,0.4240634513098768,0.10532006123627943,0.22625466960279464,0.24436181785104788,3.204316791738813,ex-ante,9
FTP,1,true,1995,2,0.591293353959268,3.3038497857074756,0.40870664604073154,0.0940639361231197,0.22299117912792463,0.27423823870822506,3.850375906689486,ex-ante,10
FTP,1,true,1995,3,0.6011177886916723,3.3533954020146237,0.39888221130832946,0.08570667241365003,0.21714404131630755,0.29826707496171373,4.456983522902459,ex-ante,11
FTP,1,true,1996,0,0.6073284690963814,3.3917777654416668,0.392671530903619,0.07958396231299664,0.21025486478289257,0.3174896420004922,5.02803514599099,ex-ante,12
FTP,1,true,1996,1,0.6110884681250365,3.42183051023141,0.3889115318749635,0.0751001684739262,0.20320086857434752,0.3327874310767638,5.5644698899432115,ex-ante,13
FTP,1,true,1996,2,0.612095802711878,3.446482341538467,0.3879041972881221,0.07141425497431665,0.19605699732713605,0.34462455041042434,5.68634225165492,ex-ante,14
FTP,1,true,1996,3,0.6115583386694071,3.4663827851622915,0.3884416613305941,0.06854223540099405,0.18930541534544662,0.35371068792296606,5.794578485229637,ex-ante,15
FTP,1,true,1997,0,0.6102105930125457,3.482272775617214,0.389789406987454,0.06637441241936885,0.18319636657705154,0.36063981401612594,5.891834424213991,ex-ante,16
FTP,1,true,1997,1,0.6084902545199591,3.4948688205744745,0.39150974548004014,0.06476908846751564,0.17782629875931164,0.36589486729313253,5.980041981968347,ex-ante,17
FTP,1,true,1997,2,0.606652723461883,3.5048089092209245,0.39334727653811774,0.0635933283870031,0.1731982418915564,0.36986115318332263,6.0606928875332144,ex-ante,18
FTP,1,true,1997,3,0.6048429954500287,3.5126341158143415,0.39515700454997177,0.06273701959371138,0.1692638546496606,0.3728421212066563,6.134793179371194,ex-ante,19
FTP,1,true,1998,0,0.6031466041715741,3.5187821523265055,0.39685339582842494,0.062117143635054634,0.16595320440509262,0.375076256131428,6.2033314133478346,ex-ante,20
FTP,1,true,1998,1,0.6016103944091307,3.523604942295925,0.3983896055908693,0.06167190126919677,0.16318911727584978,0.37674937586408414,6.267127973749674,ex-ante,21
FTP,1,true,1998,2,0.6002444077491828,3.5273961308960615,0.39975559225081625,0.06135139782571582,0.16089098630145207,0.37800202362201585,6.326814259319903,ex-ante,22
FTP,1,true,1998,3,0.5990337430890949,3.5303832357075797,0.4009662569109055,0.06112005157311678,0.15898013649993184,0.3789335550160469,6.382681451874034,ex-ante,23
FTP,1,true,1999,0,0.5979907373489657,3.532802534308604,0.40200926265103526,0.060942007261648064,0.15738876273453228,0.3796599673527842,6.434790685032796,ex-ante,24
MFIP,0,true,1994,2,0.47798504443526735,2.8083615946394627,0.5220149555647324,0.16609944949739133,0.21591727612719808,0.09596831881067834,1.0,ex-ante,6
MFIP,0,true,1994,3,0.4919793747420976,2.9972749485090597,0.508020625257902,0.12882593328128228,0.22178597143006484,0.14136747003075043,1.0,ex-ante,7
MFIP,0,true,1995,0,0.5034918865073017,3.130081118523847,0.49650811349269813,0.10426325466584342,0.22003010241760365,0.17919852942385525,1.0,ex-ante,8
MFIP,0,true,1995,1,0.5131094297886918,3.226274699966711,0.48689057021130827,0.08800171561516372,0.2142998683435076,0.2108078458300213,1.0,ex-ante,9
MFIP,0,true,1995,2,0.5212571907202997,3.2977467423221616,0.47874280927970037,0.07715872986812283,0.20678992750770142,0.2373085333444754,1.0,ex-ante,10
MFIP,0,true,1995,3,0.5282460476002853,3.352053166168864,0.4717539523997147,0.06985740571510123,0.1987737942449762,0.25961484764020787,1.0,ex-ante,11
MFIP,0,true,1996,0,0.5343057207191365,3.3941485833207143,0.4656942792808637,0.0648783144211074,0.19095322304757772,0.278474183250451,1.0,ex-ante,12
MFIP,0,true,1996,1,0.5396080237471584,3.427367222405015,0.46039197625284123,0.06142963109153981,0.18368282375644054,0.29449556889917816,1.0,ex-ante,13
MFIP,0,true,1996,2,0.5442832100494245,3.454004254492856,0.4557167899505757,0.058996705303061635,0.17711219356232802,0.3081743111840349,1.0,ex-ante,14
MFIP,0,true,1996,3,0.5484314957081948,3.4756723373553298,0.45156850429180484,0.05724422360195779,0.171274399904362,0.31991287220187564,1.0,ex-ante,15
MFIP,0,true,1997,0,0.5521312084027696,3.493526223804375,0.4478687915972303,0.05595285361677215,0.1661400630615895,0.330038291724408,1.0,ex-ante,16
MFIP,0,true,1997,1,0.5554445719371287,3.5084074392196114,0.44455542806287174,0.05497833267957779,0.16164967727355625,0.338816561983993,1.0,ex-ante,17
MFIP,0,true,1997,2,0.5584218308307872,3.520939325014825,0.44157816916921244,0.05422508911996526,0.15773235573610708,0.3464643859747161,1.0,ex-ante,18
MFIP,0,true,1997,3,0.5611042069585698,3.5315906233677983,0.4388957930414303,0.05362923883030599,0.15431623631373664,0.353158731814527,1.0,ex-ante,19
MFIP,0,true,1998,0,0.5635260323163007,3.540718758065268,0.43647396768369956,0.053147615817642324,0.15133385969769814,0.35904455680095937,1.0,ex-ante,20
MFIP,0,true,1998,1,0.5657162989037826,3.548599787605233,0.4342837010962171,0.052750681709073974,0.14872458945439912,0.36424102774030986,1.0,ex-ante,21
MFIP,0,true,1998,2,0.56722858126207,3.554441740428188,0.4327714187379299,0.05250930555296864,0.14666185437225193,0.3680574213368501,1.0,ex-ante,22
MFIP,0,true,1998,3,0.5665864258455311,3.5540436930719044,0.433413574154469,0.052709052226648345,0.14650862427079434,0.36736874934808833,1.0,ex-ante,23
SIPP,0,true,1995,3,0.6182809082476032,3.673528857554432,0.381719091752397,0.04285311205874806,0.11341976934598962,0.46200802684286574,1.0,ex-ante,11
CTJF,0,true,1996,2,0.5137104943301974,2.96265869652986,0.48628950566980217,0.14314413224860426,0.23530345849554032,0.13526290358605494,1.0,ex-ante,14
CTJF,0,true,1996,3,0.5301979964413124,3.1018134257822028,0.46980200355868834,0.1170123240245416,0.23473633027865032,0.17844934213811742,1.0,ex-ante,15
CTJF,0,true,1997,0,0.5426388119105511,3.2031284221313165,0.4573611880894495,0.09887762934085817,0.22949808928740212,0.21426309328229087,1.0,ex-ante,16
CTJF,0,true,1997,1,0.5521160005263263,3.279109617043152,0.4478839994736732,0.08615325005661115,0.22197631312118563,0.2439864373485305,1.0,ex-ante,17
CTJF,0,true,1997,2,0.5594130443890104,3.337413011894085,0.44058695561099054,0.07712663020632111,0.2135933727867139,0.2686930413959724,1.0,ex-ante,18
CTJF,0,true,1997,3,0.5650978244028643,3.3829727626169697,0.43490217559713706,0.07065379507606984,0.20516954497188702,0.28927448435490766,1.0,ex-ante,19
CTJF,0,true,1998,0,0.5695828924113925,3.4191042640735,0.43041710758860785,0.06596325823068497,0.1971531099380262,0.30646652424268184,1.0,ex-ante,20
CTJF,0,true,1998,1,0.5731687637801194,3.448113124655265,0.42683123621988145,0.06252953973324922,0.1897657191222243,0.32087350492464467,1.0,ex-ante,21
CTJF,0,true,1998,2,0.5760750388496081,3.4716490119599355,0.42392496115039274,0.05999106831340299,0.18309381909875522,0.3329901514374493,1.0,ex-ante,22
CTJF,0,true,1998,3,0.578462793814924,3.4909203750443987,0.4215372061850772,0.05809650913830294,0.17714576812387747,0.34322051655274066,1.0,ex-ante,23
CTJF,0,true,1999,0,0.58045070454779,3.506829798159326,0.419549295452209,0.056669394351478525,0.17188717337207574,0.3518941368242376,1.0,ex-ante,24
CTJF,0,true,1999,1,0.582126668508335,3.5200622780774156,0.4178733314916669,0.05558461207422631,0.16726244289440878,0.3592796135396987,1.0,ex-ante,25
CTJF,0,true,1999,2,0.5835561903655171,3.5311445886617383,0.4164438096344836,0.054752633091827034,0.1632076518894462,0.3655959053842438,1.0,ex-ante,26
CTJF,0,true,1999,3,0.5847884393989288,3.540486310259361,0.41521156060106856,0.054108826213557386,0.15965797363801715,0.37102163954735595,1.0,ex-ante,27
CTJF,0,true,2000,0,0.5858606306595454,3.5484088798009172,0.41413936934045514,0.05360614890472257,0.15655174316874113,0.3757027385860851,1.0,ex-ante,28
CTJF,0,true,2000,1,0.586801198313806,3.5551665940979866,0.4131988016861954,0.053210097194219805,0.15383246553948662,0.3797586355801011,1.0,ex-ante,29
CTJF,0,true,2000,2,0.5877238071787306,3.5611943829970083,0.41227619282127026,0.05286950195232132,0.15139933143010237,0.38345497379630594,1.0,ex-ante,30
CTJF,0,true,2000,3,0.5884726686955366,3.56607458945434,0.4115273313044625,0.0526082166588634,0.14938656401572012,0.3864778880209544,1.0,ex-ante,31
CTJF,0,true,2001,0,0.5894869796716735,3.571200590344793,0.4105130203283265,0.05224421828363121,0.14746680151773361,0.38977595987030905,1.0,ex-ante,32
MFIP,2,true,1994,2,0.44742226699714555,2.7350095172598854,0.5525777330028542,0.17542192681412205,0.208531968426013,0.0634683717570109,1.0,ex-ante,6
MFIP,2,true,1994,3,0.46694667653236943,2.9364566827577177,0.5330533234676307,0.13704230709909657,0.21818119069416933,0.11172317873910292,1.0,ex-ante,7
MFIP,2,true,1995,0,0.48249433728510394,3.0780499489854325,0.5175056627148965,0.1113477792843575,0.21913830598915116,0.15200825201159504,1.0,ex-ante,8
MFIP,2,true,1995,1,0.4950785869521185,3.180711716140987,0.5049214130478815,0.09407301520526476,0.21531620913826738,0.18568936260858654,1.0,ex-ante,9
MFIP,2,true,1995,2,0.505427484174817,3.2571033441477524,0.4945725158251835,0.08238000870191856,0.20912808752659828,0.21391938794629953,1.0,ex-ante,10
MFIP,2,true,1995,3,0.5140671929843347,3.3152333857791083,0.4859328070156652,0.07439064019165949,0.20201669494528013,0.23765985784739624,1.0,ex-ante,11
MFIP,2,true,1996,0,0.5213806285098394,3.360345591227651,0.4786193714901601,0.06886584012597344,0.19480913829870827,0.2577056500851578,1.0,ex-ante,12
MFIP,2,true,1996,1,0.5276487583456223,3.39597234644084,0.4723512416543784,0.0649890494246924,0.18795006470486125,0.27470964421606825,1.0,ex-ante,13
MFIP,2,true,1996,2,0.5330797329117897,3.4245517104565635,0.4669202670882093,0.06222179876935129,0.18165229940508137,0.28920563473735733,1.0,ex-ante,14
MFIP,2,true,1996,3,0.5378294668351731,3.44780274781268,0.46217053316482726,0.060208191788297144,0.17599255534546504,0.30162871970141075,1.0,ex-ante,15
MFIP,2,true,1997,0,0.5420162091786926,3.4669609043272294,0.45798379082130697,0.058712095445544094,0.1709711898544929,0.3123329238786552,1.0,ex-ante,16
MFIP,2,true,1997,1,0.5457308821110769,3.4829294540302222,0.4542691178889238,0.05757599051860796,0.16654876967828483,0.32160612191418236,1.0,ex-ante,17
MFIP,2,true,1997,2,0.5490444369712928,3.496379161977003,0.4509555630287065,0.0566940663991167,0.16266788498165924,0.32968248559051727,1.0,ex-ante,18
MFIP,2,true,1997,3,0.5520131050595543,3.5078152164863123,0.44798689494044447,0.055994638682279926,0.15926571828349728,0.33675274809377764,1.0,ex-ante,19
MFIP,2,true,1998,0,0.5546821600328415,3.517623028816273,0.4453178399671589,0.05542865010131614,0.1562809157060838,0.34297259422544113,1.0,ex-ante,20
MFIP,2,true,1998,1,0.5570886260994224,3.5261001207031915,0.44291137390057733,0.05496213495404332,0.15365701882722535,0.348469472318154,1.0,ex-ante,21
MFIP,2,true,1998,2,0.5594308500354803,3.533958899121229,0.4405691499645187,0.0545261681273227,0.15125136722638613,0.35365331468177297,1.0,ex-ante,22
MFIP,2,true,1998,3,0.5610331478168212,3.5384789261595375,0.43896685218317877,0.054410233924383086,0.14968427862214229,0.3569386352702958,1.0,ex-ante,23
MFIP,2,false,1994,2,0.48587488275743523,2.853067805026525,0.5141251172425646,0.15484494420597414,0.2253306474975614,0.10569929105389972,1.0,ex-ante,6
MFIP,2,false,1994,3,0.5012791890858327,3.0409232746170263,0.4987208109141674,0.11916587449509625,0.22856348700455015,0.15354982758618627,1.0,ex-ante,7
MFIP,2,false,1995,0,0.5139372461920343,3.173329093218844,0.4860627538079658,0.09571852898777582,0.22439495850537713,0.19382375869888133,1.0,ex-ante,8
MFIP,2,false,1995,1,0.5245204457389018,3.269572730608746,0.4754795542610983,0.08027943636167016,0.21647937698638176,0.2277616323908499,1.0,ex-ante,9
MFIP,2,false,1995,2,0.5335063443430695,3.3413649210404013,0.4664936556569304,0.07006277684147907,0.20702278954177047,0.25642077795982005,1.0,ex-ante,10
MFIP,2,false,1995,3,0.5412381479691963,3.396133535758565,0.45876185203080355,0.06324635516898369,0.19730094506631313,0.28069084773389946,1.0,ex-ante,11
MFIP,2,false,1996,0,0.5479655948987546,3.4387481451254884,0.4520344051012452,0.05864513498147817,0.18800684497970216,0.3013136149375743,1.0,ex-ante,12
MFIP,2,false,1996,1,0.5538730837077217,3.4724887437739382,0.4461269162922781,0.05549123167275971,0.17947822214747355,0.3189036298874885,1.0,ex-ante,13
MFIP,2,false,1996,2,0.5590990535314009,3.4996174678504017,0.44090094646859923,0.05328793240222935,0.1718432431113106,0.3339678780178609,1.0,ex-ante,14
MFIP,2,false,1996,3,0.5637493630813838,3.5217282869739153,0.4362506369186161,0.051713926827647125,0.16511190602329062,0.3469235302304459,1.0,ex-ante,15
MFIP,2,false,1997,0,0.5679065506769212,3.539966840675661,0.4320934493230789,0.05056099961832039,0.15923210991161943,0.3581134411469814,1.0,ex-ante,16
MFIP,2,false,1997,1,0.5716362652863469,3.555171809359415,0.42836373471365286,0.04969373807331956,0.15412315351957243,0.36781937369345524,1.0,ex-ante,17
MFIP,2,false,1997,2,0.5749917527282841,3.5679676725993987,0.42500824727171604,0.0490235867291888,0.14969506573695746,0.3762731002621378,1.0,ex-ante,18
MFIP,2,false,1997,3,0.5780170031116406,3.5788267231422752,0.42198299688835944,0.048492186013960104,0.14585920660294416,0.38366561049473624,1.0,ex-ante,19
MFIP,2,false,1998,0,0.5807489750868644,3.588111278654036,0.41925102491313543,0.0480606878049531,0.14253360600531337,0.3901546812765981,1.0,ex-ante,20
MFIP,2,false,1998,1,0.5832191819721696,3.596102918083474,0.41678081802783046,0.04770290493661678,0.1396452173788312,0.39587105965672154,1.0,ex-ante,21
MFIP,2,false,1998,2,0.5868604267371055,3.605743139133074,0.41313957326289463,0.04714323014941692,0.13664327249156072,0.4030739240961276,1.0,ex-ante,22
MFIP,2,false,1998,3,0.5883005834776778,3.6109678180377416,0.4116994165223224,0.04686616617057815,0.1346867027061992,0.4067477146009003,1.0,ex-ante,23
CTJF,1,false,1996,2,0.5733046038663262,3.04000716976569,0.4266953961336739,0.13208464923530083,0.2676594268420919,0.1735605277889333,1.0,ex-ante,14
CTJF,1,false,1996,3,0.5995166838589945,3.1703196534590807,0.4004833161410057,0.11141007411287802,0.26484162176492165,0.2232649879811945,1.7459200401021169,ex-ante,15
CTJF,1,false,1997,0,0.6174897751071647,3.26456160057207,0.38251022489283526,0.09599857919817925,0.25678223704459874,0.26470895886438683,2.474306222614778,ex-ante,16
CTJF,1,false,1997,1,0.6300501566923096,3.335523045159013,0.3699498433076908,0.08468406594845784,0.24621586558578842,0.2991502251580629,3.1817257981423634,ex-ante,17
CTJF,1,false,1997,2,0.6390080291199765,3.3903524849976803,0.36099197088002377,0.0764347705491685,0.23483779138665295,0.32773546718415497,3.8661166052292644,ex-ante,18
CTJF,1,false,1997,3,0.6455098691237924,3.4335067849556937,0.35449013087620784,0.070419053958087,0.22363095854800732,0.351459856617698,4.528343477206677,ex-ante,19
CTJF,1,false,1998,0,0.6503139222744612,3.4679431813889816,0.34968607772553867,0.06601530219692639,0.21312753662187367,0.3711710834556614,5.169416849948799,ex-ante,20
CTJF,1,false,1998,1,0.6539064772990879,3.4957427539957373,0.3460935227009122,0.06276294109836704,0.20356957346904295,0.3875739627316779,5.790946323552996,ex-ante,21
CTJF,1,false,1998,2,0.6565508309327585,3.5184654607849994,0.34344916906724154,0.06030979997808671,0.19500649735161854,0.40123453360305306,6.391110959694882,ex-ante,22
CTJF,1,false,1998,3,0.6573641949184469,3.53825252749678,0.3426358050815533,0.058030123408792704,0.18699577488647381,0.41233829662318,6.549852118847411,ex-ante,23
CTJF,1,false,1999,0,0.6569685817908071,3.5552607889816943,0.34303141820919325,0.05604302489899539,0.1796251859584899,0.42130037093332146,6.6809320754951385,ex-ante,24
CTJF,1,false,1999,1,0.6558514658337387,3.569706601714807,0.3441485341662615,0.05438854331926656,0.17295936660891711,0.4285035559055549,6.7924015911825775,ex-ante,25
CTJF,1,false,1999,2,0.6543301313270239,3.5818901891115753,0.3456698686729763,0.05304432194134475,0.16701046393876268,0.43427534544691676,6.888986435537729,ex-ante,26
CTJF,1,false,1999,3,0.6526081960663472,3.5921282230971068,0.3473918039336522,0.051965482246258056,0.1617530483565134,0.4388896654635765,6.973827662989003,ex-ante,27
CTJF,1,false,2000,0,0.6508366463044307,3.600695521177806,0.3491633536955689,0.0511117073690985,0.15714705848241337,0.44257788045291896,7.049335425344065,ex-ante,28
CTJF,1,false,2000,1,0.6491143733586673,3.607843395824211,0.3508856266413328,0.05044379799526782,0.15313993264065087,0.44553064272274834,7.117532187686253,ex-ante,29
CTJF,1,false,2000,2,0.6474918596465379,3.6138070764672454,0.35250814035346234,0.04992280613374607,0.1496688673766684,0.44790018613612326,7.179806862879244,ex-ante,30
MFIP,1,true,1994,2,0.453687914436497,2.747812961724069,0.5463120855635027,0.1751264088193831,0.20888767503743003,0.06967383057968472,1.0,ex-ante,6
MFIP,1,true,1994,3,0.5004164193803907,2.9463509941332378,0.4995835806196095,0.14660716312630268,0.22892335931417274,0.1248858969399154,1.0,ex-ante,7
MFIP,1,true,1995,0,0.5330347873121533,3.0823516928420345,0.4669652126878466,0.12463170822915212,0.23678982008073968,0.17161325900226101,1.0,ex-ante,8
MFIP,1,true,1995,1,0.5563428865952015,3.181175068449059,0.4436571134047984,0.10820546564001188,0.2372090790232678,0.21092834193192203,1.0,ex-ante,9
MFIP,1,true,1995,2,0.5733822616975481,3.2555986584641183,0.426617738302451,0.09610967761276991,0.2333598453513084,0.24391273873346941,1.0,ex-ante,10
MFIP,1,true,1995,3,0.5861099427237549,3.3130472027063425,0.4138900572762448,0.08724669004659504,0.227297476905491,0.2715657757716689,1.0,ex-ante,11
MFIP,1,true,1996,0,0.595822578454232,3.358224141280373,0.4041774215457679,0.0807436716005711,0.22030678963843817,0.294772117215223,1.0,ex-ante,12
MFIP,1,true,1996,1,0.603386088013078,3.3942923675877292,0.396613911986922,0.07594147369731988,0.21315434410283898,0.3142902702129189,1.0,ex-ante,13
MFIP,1,true,1996,2,0.6093774591628074,3.423472994222685,0.3906225408371922,0.07235489773047997,0.20626697407403166,0.3307555873582961,1.0,ex-ante,14
MFIP,1,true,1996,3,0.6141829806748754,3.447371538307123,0.3858170193251246,0.06963337111843976,0.1998571320840058,0.34469247747242987,1.0,ex-ante,15
MFIP,1,true,1997,0,0.6180890143718945,3.467148584850709,0.38191098562810494,0.06753590506476383,0.19401683603015146,0.35653627327697973,1.0,ex-ante,16
MFIP,1,true,1997,1,0.6212956687457718,3.4836749879643163,0.37870433125422853,0.06589081634425015,0.18876189495472254,0.3666429574467982,1.0,ex-ante,17
MFIP,1,true,1997,2,0.6239484628596379,3.4976088887165693,0.3760515371403622,0.06457744073537075,0.18406754226896938,0.375303479855297,1.0,ex-ante,18
MFIP,1,true,1997,3,0.6261520455094065,3.5094566399238167,0.37384795449059227,0.06350957243286445,0.1798878868711375,0.3827545862054054,1.0,ex-ante,19
MFIP,1,true,1998,0,0.6279964476934206,3.5195979179854757,0.37200355230657894,0.06263028475933917,0.1761738182838269,0.38919234465025515,1.0,ex-ante,20
MFIP,1,true,1998,1,0.6295497200401842,3.528332262904985,0.3704502799598159,0.0618977680086159,0.1728745272387415,0.3947774247928269,1.0,ex-ante,21
MFIP,1,true,1998,2,0.6307891417093385,3.5354272322156812,0.3692108582906622,0.061330563808917084,0.1701090609516495,0.39934951694877113,1.0,ex-ante,22
MFIP,1,true,1998,3,0.6321574960179154,3.541664376377208,0.36784250398208485,0.06063346432359439,0.16825058596275705,0.403273445731564,1.0,ex-ante,23
MFIP,1,false,1994,2,0.4958745552365698,2.8699468614510093,0.5041254447634302,0.15161202652729355,0.23330891219217276,0.11095361651710346,1.0,ex-ante,6
MFIP,1,false,1994,3,0.5312529756166533,3.0541203195396407,0.46874702438334637,0.12337761796413943,0.24261440095217726,0.16526095670033666,1.0,ex-ante,7
MFIP,1,false,1995,0,0.5566886990271628,3.182189615680617,0.44331130097283716,0.10275002007716356,0.24221299722438253,0.21172568172561657,1.0,ex-ante,8
MFIP,1,false,1995,1,0.5755675756175568,3.275943033955891,0.42443242438244316,0.08798595858634067,0.23628322310645994,0.2512983939247562,1.0,ex-ante,9
MFIP,1,false,1995,2,0.5899628989612015,3.346926156739487,0.41003710103879853,0.07749814532103204,0.2275395813815004,0.28492517225866903,1.0,ex-ante,10
MFIP,1,false,1995,3,0.6011858084942029,3.4020297050514903,0.3988141915057971,0.07003666372405232,0.2176703343791654,0.3134788103909852,1.0,ex-ante,11
MFIP,1,false,1996,0,0.6101112356979623,3.4456487756045475,0.3898887643020375,0.06469022862788797,0.2076840230959419,0.33773698397413254,1.0,ex-ante,12
MFIP,1,false,1996,1,0.6173341573121953,3.480727292440547,0.3826658426878047,0.06081456878661163,0.19814568681800537,0.3583739017075782,1.0,ex-ante,13
MFIP,1,false,1996,2,0.623253290297453,3.5093237254771674,0.3767467097025469,0.057957408339688814,0.18933526462480574,0.3759606173329585,1.0,ex-ante,14
MFIP,1,false,1996,3,0.6281415640938267,3.532916515926173,0.3718584359061733,0.05580584943051901,0.18136002920383607,0.39097568545947153,1.0,ex-ante,15
MFIP,1,false,1997,0,0.6322153164004306,3.552564667831438,0.36778468359956934,0.05415422124106619,0.17423698242986294,0.4038241127295013,1.0,ex-ante,16
MFIP,1,false,1997,1,0.6356327376843438,3.569062777636259,0.3643672623156563,0.052860634984828285,0.16792803646671872,0.4148440662327967,1.0,ex-ante,17
MFIP,1,false,1997,2,0.638512949995946,3.583015983996331,0.3614870500040538,0.05182734315046087,0.1623680253852376,0.42431758146024756,1.0,ex-ante,18
MFIP,1,false,1997,3,0.640945572368079,3.5948942734478924,0.359054427631921,0.0509858440117955,0.15748040802042687,0.4324793203358567,1.0,ex-ante,19
MFIP,1,false,1998,0,0.6430123977330249,3.605052724092284,0.35698760226697507,0.050292469209752146,0.15319195333125943,0.4395279751920133,1.0,ex-ante,20
MFIP,1,false,1998,1,0.6447796630342878,3.613774081108561,0.35522033696571226,0.04971593756833165,0.14943312126189268,0.4456306042040635,1.0,ex-ante,21
MFIP,1,false,1998,2,0.646364646579545,3.621861026907638,0.3536353534204551,0.04914364817053131,0.14597892993423744,0.4512420684747761,1.0,ex-ante,22
MFIP,1,false,1998,3,0.6419050836033676,3.621421703922117,0.3580949163966324,0.04915506798920856,0.14443972878760816,0.44831028682655094,1.0,ex-ante,23
FTP,1,true,1999,1,0.5985196620163823,3.5378546346291073,0.40148033798361776,0.06055409239985407,0.15535471023781702,0.38261085937871114,6.3084882026109135,ex-ante,25
CTJF,1,false,2000,3,0.6468664534156304,3.6210586302458703,0.3531335465843697,0.04924327596680854,0.14609555151561637,0.4515276259332053,7.154292849988462,ex-ante,31
CTJF,1,false,2001,0,0.6421667852518542,3.6143953853975463,0.35783321474814583,0.0506103957431354,0.1458642435327454,0.44569214597597356,7.3950829856355345,ex-ante,32
